id,part,upc,cost,updated upc
2933,1 1/2 BEAM CLAMP 5/16-18,78456410532,0,78174700952
2894,1 1/2 DIECAST HUB CONNECTOR,66227700822,0,78174709155
444,1 1/2 KO SNAP IN BLANK,78456410339,0,78174701691
2842,1 1/2 NM SCREW (ROMEX) CONNECTOR DIECAST,78456412670,0,78174715675
2829,1 1/2 SQUEEZE FLEX CONNECTOR,78456400337,0,78174715414
2818,1 1/4 90 DEGREE SCREW CLAMP FLEX CONNECTOR,78456400358,0,78174715808
2723,1 1/4 AND 1 1/2 CONDUIT BODY COVER w/GASKET,66227700444,0,78429732354
2250,1 1/4 CONDUIT BODY COVER WEDGE NUT,78227419453,0,
2890,1 1/4 DIECAST HUB CONNECTOR,66227700821,0,78174709154
441,1 1/4 KO SNAP IN BLANK,78456410338,0,78174701694
2828,1 1/4 SQUEEZE FLEX CONNECTOR,78456400336,0,78174715412
2331,"1 1/4"" EMT HANGER (MINI)",78101119803,0,78285612025
3256,1 PHASE 100A MAIN CIRCUIT BREAKER (MB) LOADCENTER 30 CIRCUIT,78668905282,0,80476670284
2298,1 PORT MIDSIZE MODULAR COVER,3266465485,0,80442802556
733,1-1/2 48in BLACK HEAT SHRNK,5112859591,0,5400708975
735,1-1/4 48in BLACK HEAT SHRNK,5112859577,0,5400708975
10,1-1/4 BRIDLE RING,78101119565,0,78285676975
894,1/2 1 HOLE EMT STRAP,78461064030,0,78174700920
1466,1/2 187-25 CORD CONNECTOR,78358520021,0,66236450140
56,1/2 25-375 CORD CONNECTOR,78358520022,0,66236450140
731,1/2 50-375 CORD CONNECTOR,78358520023,0,66236450140
729,1/2 50-625 CORD CONNECTOR,78358520024,0,66236450140
2839,1/2 90 DEGREE SCREW CLAMP FLEX CONNECTOR,78456400366,0,78174715804
2936,1/2 CHASE NIPPLE INSULATED,78456411050,0,78621001942
2838,1/2 COMPRESSION CONNECTOR EMT DIECAST,78456400406,0,78174715250
2952,1/2 CONDUIT BODY COVER w/ GASKET,66227700441,0,78174703641
453,1/2 CONDULET ALUM BOX 1G,78227409998,0,9232611083
2968,1/2 CONDULET CAST BOX 2G,78227412648,0,83524300581
450,1/2 CONDULET CAST BOX FEED TRHU 1G,78227440570,0,9232611083
448,1/2 CONDULET CAST BOX FEED TRHU 1G,78227441050,0,9232611083
1484,1/2 CORD RESTRAINT,4089364651,0,66236450140
826,1/2 DIECAST HUB CONNECTOR,78621090344,0,78174709151
2846,1/2 DIECAST HUB CONNECTOR,66227700808,0,78174709151
3232,1/2 FLAT COPPERT WASHER,8593702730,0,
3182,1/2 FLAT WASHER,8593704254,0,8593740340
704,1/2 GROUND ROD CLAMP,78378680066,0,78285630703
440,1/2 KO SNAP IN BLANK,78456410335,0,78174701691
61,1/2 LIQUID TIGHT GRAY,78267311101,0,78267321101
1627,1/2 PHILLIPS WAFER HEAD SCREW,8593783008,0,
27,1/2 RIGID OR EMT HANGER (MINI),78101119800,0,78285612000
2811,1/2 SET SCREW EMT CONNECTOR DIECAST,78456400376,0,78174715230
2429,1/2 SPLIT LOCKWASHER,8593708054,0,
2832,1/2 SQUEEZE FLEX CONNECTOR INSULATED,78456400344,0,1899700038
2814,1/2 STRAIGHT THREADED FLEX CONNECTOR,66227700092,0,78174715507
2570,1/2 X 1-1/2 FENDER WASHER ZP,8593708065,0,
3265,1/2-13 GENERAL DUTY HEX NUT,8593705260,0,
2424,1/2-13 HEX NUT,8593708037,0,
2956,1/2-13 X 10 THREADED ROD,61601310657,0,
2512,1/2-13 X 2 HEX HEAD BOLT,8593708140,0,
3233,"1/2"" BELLEVILLE WASHER",8593702858,0,
3183,1/4 FLAT WASHER,8593704256,0,
2635,1/4 LOCKWASHER 18-8 GRADE,8593708191,0,
2427,1/4 SPLIT LOCKWASHER,8593708051,0,
1446,1/4 TURN KEY LOCK,78672570191,0,
2433,1/4 X 1-1/2 FENDER WASHER,8593708060,0,
2432,1/4 X 1-1/4 FENDER WASHER,8593708059,0,
2553,1/4 X 1-1/4 TAPCON CONCRETE,8593708174,0,
2621,1/4 X 1-3/4 TAPCON CONCRETE,8593708175,0,
2608,1/4 X 2 EYE BOLT,8593708184,0,
2623,1/4 X 2-3/4 TAPCON CONCRETE,8593708243,0,
3185,1/4-14 X 1 HEX HEAD SCREW,8593708227,0,
2422,1/4-20 HEX NUT,8593708034,0,
2552,1/4-20 HEX NUT 18-8 GRADE,8593708188,0,
2465,1/4-20 STEEL DROP ANCHOR,8593708176,0,
2470,1/4-20 X 1 HEX CAP SCREW 18-8 GRADE,8593708195,0,
2450,1/4-20 X 1 HEX HEAD BOLT,8593708120,0,
2444,1/4-20 X 1 MACHINE SCREW,8593708108,0,
3189,1/4-20 X 1 RHMS SLOT 18-8 GRADE,8593704244,0,
2452,1/4-20 X 1-1/2 HEX HEAD BOLT,8593708122,0,
2446,1/4-20 X 1-1/2 MACHINE SCREW,8593708110,0,
2451,1/4-20 X 1-1/4 HEX HEAD BOLT,8593708121,0,
2445,1/4-20 X 1-1/4 MACHINE SCREW,8593708109,0,
2448,1/4-20 X 1/2 HEX HEAD BOLT,8593708118,0,
2442,1/4-20 X 1/2 MACHINE SCREW,8593708106,0,
2447,1/4-20 X 2 MACHINE SCREW,8593708111,0,
2449,1/4-20 X 3/4 HEX HEAD BOLT,8593708119,0,
2443,1/4-20 X 3/4 MACHINE SCREW,8593708107,0,
2441,1/4-20 X 3/8 MACHINE SCREW,8593708105,0,
2634,1/4X 1-1/4 FENDER WASH 18-8 GRADE,8593708194,0,
2459,1/4X 3 TOGGLE BOLT,8593708156,0,
3181,1/8X 3 TOGGLE BOLT,8593708267,0,
2425,10 FLAT WASHER,8593708042,0,
2472,10 X 1 HEX HEAD SCREW,8593708203,0,
2037,10 X 1-1/2 HEX HEAD SCREW,8593707330,0,
2474,10 X 1-1/2 HEX HEAD SCREW,8593708205,0,
2473,10 X 1-1/4 HEX HEAD SCREW,8593708204,0,
2038,10 X 2 HEX HEAD SCREW,8593707331,0,
2475,10 X 2 HEX HEAD SCREW,8593708206,0,
2471,10 X 3/4 HEX HEAD SCREW,8593708202,0,
2479,10-16 X 1 HEX HEAD SCREW,8593708219,0,
2481,10-16 X 1-1/2 HEX HEAD SCREW,8593708221,0,
2480,10-16 X 1-1/4 HEX HEAD SCREW,8593708220,0,
2477,10-16 X 1/2 HEX HEAD SCREW,8593708217,0,
2482,10-16 X 2 HEX HEAD SCREW,8593708222,0,
2478,10-16 X 3/4 HEX HEAD SCREW,8593708218,0,
2421,10-32 HEX NUT,8593708033,0,
2485,10-32 X 3/8 SCREW,8593708358,0,
926,10G - 12G BUTT SPLICE,7498383004,0,78325049046
916,10G FEMALE DISCONNECT,7498382104,0,78325049065
922,10G RING TERMINAL AL,7498380138,0,78325048987
2487,12 X 1 HEX HEAD SCREW,8593708208,0,
2476,12 X 2 HEX HEAD SCREW,8593708293,0,
2483,12-14 X 1 HEX HEAD SCREW,8593708224,0,
2666,12-14 X 3/4 HEX HEAD SCREW,8593708223,0,
549,12/3 SEOOW OD 595,3288603888,0,3288604080
1646,12G GROUND PIGTAIL,5016900996,0,78325047498
2073,12X12X6 NEMA 4/12 DOOR NO KOs,78672585895,0,71767804034
2333,14 - 2 ALUM/COPPER 3 PORT LUG,78378661002,0,66238191101
722,14 -1/0 ALUM/COPPER 2 PORT LUG,78378613322,0,66238191101
1947,14 CIRCUIT GROUND BAR,78211309947,0,78364345239
2582,14/2 FIRE ALARM NON-SHIELDED NON-PLENUM RED JACKET,7940783514,0,3288688121
360,14/2 FIRE ALARM SHIELDED PLENUM,7940783618,0,3288688153
2579,14/2 SHIELDED NON-PLENUM GRAY JACKET,7940783120,0,2989243536
564,14/3 SEOOW OD 525,3288604523,0,2989223275
1517,150A 2P CIRCUIT BREAKER 240V STAB ON,78667610195,0,78364314871
2686,15A 120V ANGLE PLUG MALE END,3266453682,0,78500723690
2288,15A 125V 2 POLE 2 WIRE PLUG MALE END,3266434070,0,78500723690
1611,15A 125V 2 POLE 3 WIRE LOCKING CONNECTOR FEMALE END,78358517325,0,78500723664
53,15A 125V 2 POLE 3 WIRE LOCKING PLUG MALE END,78358517115,0,78500723654
55,15A 125V 2 POLE 3 WIRE LOCKING PLUG MALE END,78358517300,0,78500723654
1198,15A 125V 2 POLE 3 WIRE LOCKING PLUG MALE END,4089367798,0,78500723654
2276,15A 125V 2 POLE 3 WIRE LOCKING PLUG MALE END,4089367920,0,78500723654
1199,15A 125V 2 POLE 3 WIRE LOCKING WIRE CONNECTOR FEMALE END,4089367915,0,78500723664
469,15A 125V 2 POLE 3 WIRE PLUG MALE END,3266434090,0,78364314871
2124,15A 125V TWISTLOCK RECEPTACLE,4089367684,0,78500747000
1407,15A 125V TWISTLOCK RECEPTACLE ISOLATED GROUND,3266454763,0,78500747000
1201,15A 250V 2 POLE 3 WIRE LOCKING PLUG MALE END,4089367808,0,78500723659
1202,15A 250V 2 POLE 3 WIRE LOCKING WIRE CONNECTOR FEMALE END,4089367924,0,78500723668
2290,15A 250V 2 POLE 3 WIRE PLUG MALE END,3266434080,0,78500723659
458,15A 250V IVORY SINGLE RECEPTACLE TAMPER RESISTANT,3266418220,0,78500754891
1200,15A 250V TIWSTLOCK RECEPTACLE,4089367686,0,78500745600
1405,15A 277V 2 POLE 3 WIRE LOCKING PLUG MALE END,4089367812,0,78500723659
1400,15A 277V 2 POLE 3 WIRE LOCKING PLUG MALE END,4089367814,0,78500723659
1406,15A 277V 2 POLE 3 WIRE LOCKING WIRE CONNECTOR FEMALE END,4089367932,0,78500723668
2306,15A 277V 2 POLE 3 WIRE LOCKING WIRE CONNECTOR FEMALE END,4089367933,0,78500723668
1403,15A 277V TWISTLOCK RECEPTACLE,4089367672,0,78500745600
2997,15A AFCI DUPLEX RECEPTACLE WHITE TAMPER RESISTANT,3266473946,0,78500738268
2662,15A CLOCK RECEPTACLE WHITE TAMPER RESISTANT,3266467236,0,78500768783
2566,15A DECORA DUPLEX RECEPTACLE BLACK TAMPER RESISTANT,3266466638,0,78500786104
2568,15A DECORA DUPLEX RECEPTACLE BLACK TAMPER RESISTANT / WEATHER RESISTANT,3266467366,0,78500724179
2565,15A DECORA DUPLEX RECEPTACLE BROWN TAMPER RESISTANT,3266475249,0,78500724103
2600,15A DECORA DUPLEX RECEPTACLE GRAY TAMPER RESISTANT,3266466512,0,78500724050
2384,15A DECORA DUPLEX RECEPTACLE IVORY,3266451247,0,78500786102
2527,15A DECORA DUPLEX RECEPTACLE IVORY TAMPER RESISTANT,3266466643,0,78500786102
2569,15A DECORA DUPLEX RECEPTACLE IVORY TAMPER RESISTANT / WEATHER RESISTANT,3266467367,0,78500724170
1739,15A DECORA DUPLEX RECEPTACLE LIGHT ALMOND,3266475086,0,78500786100
2528,15A DECORA DUPLEX RECEPTACLE LIGHT ALMOND TAMPER RESISTANT,3266466642,0,78500786100
2395,15A DECORA DUPLEX RECEPTACLE WHITE TAMPER RESISTANT,3266466644,0,78500786098
2739,15A DECORA DUPLEX RECPTACLE BLACK TAMPER RESISTANT,3266467370,0,78500786104
2781,15A DECORA DUPLEX RECPTACLE w/ USB BLACK TAMPER RESISTANT,3266472922,0,78500712762
3130,15A DECORA DUPLEX RECPTACLE w/ USB BLACK TAMPER RESISTANT,3266474149,0,78500712762
3129,15A DECORA DUPLEX RECPTACLE w/ USB IVORY TAMPER RESISTANT,3266474152,0,78500712763
3117,15A DECORA DUPLEX RECPTACLE w/ USB LIGHT ALMOND TAMPER RESISTANT,3266474151,0,78500712764
3217,15A DECORA DUPLEX RECPTACLE w/ USB WHITE TAMPER RESISTANT,88377830689,0,78500712765
2744,15A DECORA DUPLEX SPLIT CONTROL RECPTACLE WHITE TAMPER RESISTANT,3266467227,0,78500700150
2793,15A DUPLEX RECEPTACLE ALMOND,3266456011,0,78500724006
2134,15A DUPLEX RECEPTACLE BLACK,3266462821,0,78500724030
2564,15A DUPLEX RECEPTACLE BLACK TAMPER RESISTANT,3266475266,0,78500724030
2170,15A DUPLEX RECEPTACLE BROWN,3266419080,0,78500724269
2207,15A DUPLEX RECEPTACLE BROWN,3266448890,0,78500724269
2561,15A DUPLEX RECEPTACLE BROWN TAMPER RESISTANT,3266466650,0,78500724269
2166,15A DUPLEX RECEPTACLE GRAY,3266437450,0,78500711914
2097,15A DUPLEX RECEPTACLE GRAY COMMERCIAL GRADE TAMPER RESISTANT,3266448908,0,78500711914
2300,15A DUPLEX RECEPTACLE GRAY COMMERCIAL GRADE TAMPER RESISTANT,3266451507,0,78500711914
2584,15A DUPLEX RECEPTACLE GRAY COMMERCIAL GRADE TAMPER RESISTANT,3266466864,0,78500711914
2171,15A DUPLEX RECEPTACLE IVORY,3266475084,0,78500711914
497,15A DUPLEX RECEPTACLE IVORY COMMERCIAL GRADE,3266475069,0,78500711914
2371,15A DUPLEX RECEPTACLE IVORY COMMERCIAL GRADE TAMPER RESISTANT,3266466652,0,78500711914
1746,15A DUPLEX RECEPTACLE LIGHT ALMOND,3266475085,0,78500711914
2408,15A DUPLEX RECEPTACLE LIGHT ALMOND TAMPER RESISTANT,3266466651,0,78500711914
2563,15A DUPLEX RECEPTACLE LIGHT ALMOND TAMPER RESISTANT,3266458313,0,78500711914
1738,15A DUPLEX RECEPTACLE TAMPER RESISTANT LIGHT ALMOND,3266458315,0,78500711914
1468,15A DUPLEX RECEPTACLE WHITE,3266451248,0,78500711914
2135,15A DUPLEX RECEPTACLE WHITE,3266475083,0,78500711914
2370,15A DUPLEX RECEPTACLE WHITE COMMERCIAL GRADE TAMPER RESISTANT,3266466653,0,78500711914
2380,15A DUPLEX RECEPTACLE WHITE COMMERCIAL GRADE TAMPER RESISTANT,3266448903,0,78500711914
2538,15A DUPLEX RECEPTACLE WHITE TAMPER RESISTANT / WEATHER RESISTANT,3266466712,0,78500711914
3212,15A DUPLEX RECEPTACLE WHITE TAMPER RESISTANT / WEATHER RESISTANT,3266474520,0,78500711914
3247,15A GFCI / AFCI RECEPTACLE IVORY TAMPER RESISTANT,3266474759,0,78500705573
3248,15A GFCI / AFCI RECEPTACLE LIGHT ALMOND TAMPER RESISTANT,3266474758,0,78500705573
3198,15A GFCI / AFCI RECEPTACLE WHITE TAMPER RESISTANT,3266474760,0,78500705573
3263,15A GFCI RECEPTACLE / 1 SINGLE POLE SWITCH IVORY,3266475306,0,78500703575
3075,15A GFCI RECEPTACLE BLACK,3266474228,0,78500703575
3105,15A GFCI RECEPTACLE BLACK TAMPER RESISTANT,3266473986,0,78500703575
3074,15A GFCI RECEPTACLE BROWN,3266474227,0,78500703575
3072,15A GFCI RECEPTACLE BROWN,3266474266,0,78500703575
2562,15A GFCI RECEPTACLE BROWN TAMPER RESISTANT,3266466568,0,78500703575
3104,15A GFCI RECEPTACLE BROWN TAMPER RESISTANT,3266473985,0,78500703575
3097,15A GFCI RECEPTACLE BROWN TAMPER RESISTANT / WEATHER RESISTANT,3266474331,0,78500703646
3076,15A GFCI RECEPTACLE GRAY,3266474999,0,78500703575
3106,15A GFCI RECEPTACLE GRAY TAMPER RESISTANT,3266473987,0,78500703575
3098,15A GFCI RECEPTACLE GRAY TAMPER RESISTANT / WEATHER RESISTANT,3266474332,0,78500703646
3078,15A GFCI RECEPTACLE IVORY,3266474237,0,78500703575
3073,15A GFCI RECEPTACLE IVORY,3266474270,0,78500703575
3107,15A GFCI RECEPTACLE IVORY TAMPER RESISTANT,3266473989,0,78500703575
3096,15A GFCI RECEPTACLE IVORY TAMPER RESISTANT / WEATHER RESISTANT,3266474297,0,78500703646
3077,15A GFCI RECEPTACLE LIGHT ALMOND,3266474234,0,78500703575
3095,15A GFCI RECEPTACLE LIGHT ALMOND TAMPER RESISTANT / WEATHER RESISTANT,3266474296,0,78500703646
3071,15A GFCI RECEPTACLE TAMPER RESISTANT / WEATHER RESISTANT WHITE,3266474298,0,78500703575
3070,15A GFCI RECEPTACLE TAMPER RESISTANT LIGHT ALMOND,3266473988,0,78500703575
3079,15A GFCI RECEPTACLE WHITE,3266474242,0,78500703575
3093,15A GFCI RECEPTACLE WHITE TAMPER RESISTANT,3266474290,0,78500703646
3094,15A GFCI RECEPTACLE WHITE TAMPER RESISTANT / WEATHER RESISTANT,3266474307,0,78500703646
3207,15A GFCI RECEPTACLE WHITE w/ ALARM,3266474805,0,78500704784
445,15A IVORY DUPLEX RECEPTACLE 2 SLOT,3266475067,0,78500724018
2615,15A SINGLE RECEPTACLE IVORY TAMPER RESISTANT,3266466545,0,78500752515
2855,15A SINGLE RECEPTACLE LIGHT ALMOND,3266466544,0,78500752515
2095,15A SINGLE RECEPTACLE LIGHT ALMOND TAMPER RESISTANT,3266465104,0,78500752515
2536,15A SINGLE RECEPTACLE WHITE TAMPER RESISTANT,3266466546,0,78500752515
446,15A WHITE DUPLEX RECEPTACLE 2 SLOT,3266475066,0,78500752515
1230,15A WHITE DUPLEX RECEPTACLE COMMERCIAL GRADE,3266475068,0,78500703473
2083,16/2 FIRE ALARM SHIELDED NON-PLENUM RED JACKET,7940783539,0,3288688115
2578,16/2 FIRE ALARM SHIELDED PLENUM RED JACKET,7940783612,0,3288688142
758,16/2 STRANDED BLUE JACKET,2989243062,0,3288688142
1188,16/3 6ft SJEO APPLIANCE / POWER SUPPLY CORD,2989209855,0,2989209706
550,16/3 SEOOW OD 39,3288609863,0,3288603943
3134,16in TELESCOPING STUD MOUNT BOX BRACKET,79903863001,0,78285647616
371,18/1 STRANDED SHIELDED w/DRAIN,61282521513,0,3288688295
2580,18/2 FIRE ALARM NON-SHIELDED NON-PLENUM RED JACKET,7940783501,0,3288688102
2212,18/2 FIRE ALARM NON-SHIELDED PLENUM RED JACKET,7940783565,0,3288688132
2535,18/2 FIRE ALARM SHIELDED PLENUM RED JACKET,7940783606,0,3288688102
2526,18/2 NON-SHIELDED PLENUM NATURAL JACKET,7940783165,0,3288688132
1533,18/2 SHIELDED NON-PLENUM GRAY JACKET,7940783107,0,3288688295
2583,18/2 SHIELDED PLENUM NATURAL JACKET,7940783135,0,2989237987
2328,18/4 NON-SHIELDED PLENUM NATURAL JACKET,7940783170,0,2989235565
2581,18/4 SHIELDED NON-PLENUM GRAY JACKET,7940783114,0,2989235565
566,18/4 WHITE THERMOSTAT WIRE,2989200823,0,2989235408
1302,18X18X4 NEMA1 BOX NO KOs SCREW COVER,78672531491,0,71767807961
1802,1G 2.15 DIAMETER OUTLET COVER IVORY,3266475118,0,68785577655
2304,1G BLANK COVER BLACK,3266455520,0,78500727476
2358,1G BLANK COVER GRAY,3266449250,0,78500727476
1719,1G BLANK COVER LIGHT ALMOND,3266457921,0,78500727476
1750,1G BLANK COVER LIGHT ALMOND,3266458296,0,78500727476
1717,1G BLANK COVER LIGHT ALMOND,3266475127,0,78500727476
1774,1G BLANK COVER MIDSIZED COVER BROWN,3266457916,0,78500727476
1776,1G BLANK COVER MIDSIZED COVER GRAY,3266457918,0,78500727476
1778,1G BLANK COVER MIDSIZED COVER IVORY,3266475128,0,78500727476
1779,1G BLANK COVER MIDSIZED COVER WHITE,3266475129,0,78500727476
1789,1G BLANK COVER MIDSIZED COVER WHITE,3266457926,0,78500727476
2126,1G BLANK MIDSIZE COVER BLACK,3266457917,0,78500727476
2139,1G DECORA COVER BLACK,3266455516,0,78500727511
515,1G DECORA COVER BROWN,3266415220,0,78500727511
2291,1G DECORA COVER GRAY,3266443380,0,78500727511
516,1G DECORA COVER IVORY,3266415230,0,78500727511
517,1G DECORA COVER WHITE,3266415240,0,78500727511
1775,1G DECORA MIDSIZED COVER,3266457995,0,78500727511
1773,1G DECORA MIDSIZED COVER BROWN,3266457994,0,78500727511
1777,1G DECORA MIDSIZED COVER GRAY,3266458003,0,78500727511
1781,1G DECORA MIDSIZED COVER IVORY,3266475143,0,78500727511
1721,1G DECORA MIDSIZED COVER LIGHT ALMOND,3266475142,0,78500727511
1785,1G DECORA MIDSIZED COVER WHITE,3266475144,0,78500727511
2605,1G DECORA MIDSIZED SCREWLESS COVER WHITE,3266461727,0,78500727511
2297,1G DUPLEX RECEPTACLE COVER BLACK,3266475223,0,78500727455
1215,1G DUPLEX RECEPTACLE COVER BROWN,3266415530,0,78500727455
534,1G DUPLEX RECEPTACLE COVER GRAY,3266475198,0,78500727455
2391,1G DUPLEX RECEPTACLE COVER IVORY,3266415170,0,78500727455
1708,1G DUPLEX RECEPTACLE COVER MIDSIZED BLACK,3266458081,0,78500727455
1707,1G DUPLEX RECEPTACLE COVER MIDSIZED BROWN,3266458080,0,78500727455
1709,1G DUPLEX RECEPTACLE COVER MIDSIZED GRAY,3266458088,0,78500727455
1710,1G DUPLEX RECEPTACLE COVER MIDSIZED IVORY,3266475157,0,78500727455
1706,1G DUPLEX RECEPTACLE COVER MIDSIZED LIGHT ALMOND,3266475155,0,78500727455
1711,1G DUPLEX RECEPTACLE COVER MIDSIZED WHITE,3266475159,0,78500727455
2189,1G DUPLEX RECEPTACLE STAINLESS STEEL MIDSIZED COVER,3266453837,0,78500712910
2389,1G DUPLEX RECEPTACLE WHITE HOSPITAL GRADE,3266415180,0,78500712910
1751,1G DUPLEX RECEPTALE COVER LIGHT ALMOND,3266458298,0,78500712910
2769,1G HORIZONTAL LOUVER LED MINI STEP LIGHT w/ LIGHT ALMOND COVER,3266472862,0,78392735259
503,1G IVORY BLANK COVER,3266449240,0,78500727476
2636,1G SINGLE RECEPTACLE COVER BLACK,3266458058,0,78500727448
1720,1G SINGLE RECEPTACLE COVER MIDSIZED LIGHT ALMOND,3266475119,0,78500727448
2194,1G SINGLE RECEPTACLE COVER WHITE,3266458051,0,78500727448
1950,1G STAINLESS STEEL DECORA COVER,3266453745,0,78500712926
2154,1G STAINLESS STEEL DECORA COVER,3266453835,0,78500712926
1398,1G STAINLESS STEEL DUPLEX RECEPTACLE COVER,3266453838,0,78500712926
3202,1G STAINLESS STEEL DUPLEX RECEPTACLE COVER,3266474728,0,78500712926
3274,1G STAINLESS STEEL SINGLE RECEPTACLE 1.59 DIAMETER COVER,3266474730,0,78500712961
1432,1G STAINLESS STEEL SINGLE RECEPTACLE COVER,3266451961,0,78500712961
3270,1G STAINLESS STEEL TOGGLE SWITCH COVER,3266474725,0,78500712900
2614,1G TOGGLE SWITCH COVER BLACK,3266475224,0,78500727406
546,1G TOGGLE SWITCH COVER GRAY,3266475199,0,78500727406
507,1G TOGGLE SWITCH COVER IVORY,3266475169,0,78500727406
2136,1G TOGGLE SWITCH COVER IVORY,3266415200,0,78500727406
1752,1G TOGGLE SWITCH COVER LIGHT ALMOND,3266458299,0,78500727406
1753,1G TOGGLE SWITCH COVER LIGHT ALMOND,3266458303,0,78500727406
1694,1G TOGGLE SWITCH COVER MIDSIZED BROWN,3266457935,0,78500727406
1695,1G TOGGLE SWITCH COVER MIDSIZED GRAY,3266457938,0,78500727406
1696,1G TOGGLE SWITCH COVER MIDSIZED IVORY,3266475133,0,78500727406
1693,1G TOGGLE SWITCH COVER MIDSIZED LIGHT ALMOND,3266475131,0,78500727406
1697,1G TOGGLE SWITCH COVER MIDSIZED WHITE,3266475135,0,78500727406
2209,1G TOGGLE SWITCH COVER WHITE,3266415210,0,78500727406
2125,1G TOGGLE SWITCH MIDSIZE COVER BLACK,3266457936,0,78500727406
504,1G WHITE BLANK COVER,3266449245,0,78500727406
2930,1in 1 HOLE STRAP RIGID,78456410512,0,78174700922
168,1in 45 DEGREE SCHEDULE 40 PVC ELBOW,3448113005,0,
1467,1in 75-875 CORD CONNECTOR,78358520042,0,78678836512
3180,1in 90 DEGREE CABLE CONNECTOR AC / FLEX IBLE METAL CONDUIT,78621003137,0,78174715807
2938,1in CHASE INSULATED NIPPLE,78456411052,0,78174791104
341,1in CLAMP WEATHERHEAD / ENTRANCE CAP,5016902404,0,78174701253
2735,1in CONDUIT BODY COVER,66227700443,0,
2957,1in CONDULET CAST BOX FEED TRHU 1G,78227409997,0,78174703642
2687,1in CONDULET CAST BOX FEED TRHU 1G,78227474513,0,78174703642
1486,1in CORD RESTRAINT,4089364653,0,78678836512
2118,1in EMT BLUE,78669201812,0,98001002113
1895,1in EMT RED,78669201802,0,98001002013
392,1in FEMALE UNF UNION,78227464410,0,78393627003
442,1in KO SNAP IN BLANK,78456410337,0,78174701693
2840,1in NM SCREW (ROMEX) CONNECTOR DIECAST,78456412632,0,78174715672
2875,1in SET SCREW EMT CONNECTOR INSULATED,78456411452,0,84213610006
2827,1in SQUEEZE FLEX CONNECTOR,78456400335,0,78174715410
2834,1in SQUEEZE FLEX CONNECTOR INSULATED,78456400346,0,78174715410
1881,1in STRAIGHT LIQUID TIGHT CONNECTOR,78621005364,0,78174715410
2823,1in STRAIGHT THREADED FLEX CONNECTOR,66227700094,0,78174715410
1355,1PHASE 200A MAIN LUG ONLY (MLO) LOADCENTER 30/40 CIRCUIT NEMA 1,78667644765,0,80476670296
1140,1X 2 GALV NIPPLE,86692000462,0,98002000401
1424,2 - 4/0 SPLIT BOLT CONNECTOR,78378620016,0,78181001380
2787,2 1/2 - 3in CONDUIT BODY COVER,66227700561,0,
2934,2 1/2 BEAM CLAMP 1/2-13,78456410534,0,78174700954
2864,2 1/2 COMPRESSION COUPLING RIGID,78456412227,0,78174709266
2831,2 1/2 SQUEEZE FLEX CONNECTOR,78456400339,0,78174715417
1112,2 CRIMP 1 HOLE LUG,78621054107,0,
1050,2 CRIMP 1 HOLE LUG,78621054143,0,
2351,2 CRIMP 2 HOLE LUG,78621019981,0,
443,2 KO SNAP IN BLANK,78456410340,0,78174701696
1474,"2 POLE, 3 WIRE, SINGLE GROUNDING LOCKING RECEPTACLES 15A, 125V, NEMA L5-15R",78358523672,0,78500747000
1677,"2 POLE, 3 WIRE, SINGLE GROUNDING LOCKING RECEPTACLES 15A, 250V, NEMA L6-15R",78358523660,0,78500745600
1770,"2 POLE, 3 WIRE, SINGLE ORANGE ISOLATED GROUND LOCKING RECEPTACLES 30A, 125V, NEMA L5-30R",78358523592,0,78500725305
1005,2 POSITION 3 POLE 30A NON FUSED DISCONNECT NEMA 4/4X,78358595500,0,78364397531
993,2-1/2 GALV COUPLING,78217200137,0,84213610030
1917,2-1/2 SET SCREW RIGID,78138112121,0,78312672160
71,2-600 ALUM / COPPER 4 PORT LUG,78378613317,0,78366971150
2661,2-PORT WHITE DECORA FRAME (KEYSTONE),7498310348,0,80442802561
2294,2-PORT WHITE LABELED NETKEY COVER (KEYSTONE),7498305453,0,80442802561
2685,2/0 2 PORT DUAL RATED ENCAPSULATED MULTI-TAP BLOCK 1 WAY,78378671531,0,
2676,2/0 2 PORT DUAL RATED ENCAPSULATED MULTI-TAP BLOCK 2 WAY,78378671458,0,
2678,2/0 3 PORT DUAL RATED ENCAPSULATED MULTI-TAP BLOCK 1 WAY,78378671461,0,
1106,2/0 CRIMP 1 HOLE LUG,78621054110,0,78366992942
2054,200A OVERHEAD/UNDERGROUND METER SOCKET,78211616861,0,78457249636
590,200LB PULL LINE,78325031340,0,78325069391
3006,20A 125/250V 3 PHASE 3 POLE 4 WIRE LOCKING CONNECTOR FEMALE END,3266473791,0,78500715201
3009,20A 125/250V 3 PHASE 3 POLE 4 WIRE LOCKING RECEPTACLE,4089367736,0,78500715205
3164,20A 125/250V 3 POLE 3 WIRE LOCKING RECEPTACLE,4089367728,0,78500726205
661,20A 125/250V 3 POLE 4 WIRE LOCKING RECEPTACLE L14-20R,78358523573,0,78500714205
2808,20A 125/250V 3 POLE CONNECTOR MALE END YELLOW,4089364192,0,78500715201
1193,20A 125V 2 POLE 3 WIRE CONNECTOR FEMALE END,3266433280,0,78500715201
2965,20A 125V 2 POLE 3 WIRE LOCKING PLUG MALE END,3266473841,0,78500725204
2589,20A 125V 2 POLE 3 WIRE LOCKING PLUG MALE END,78358583577,0,78500725204
3085,20A 125V 20A GFCI RECEPTACLE BLACK,3266474250,0,78500703572
2144,20A 125V DUPLEX RECEPTACLE IVORY COMMERCIAL GRADE TAMPER RESISTANT,3266458407,0,78500711916
1744,20A 125V SINGLE RECEPTACLE NEMA6-20R LIGHT ALMOND,3266458326,0,78500758512
2595,20A 125V TWISTLOCK RECEPTACLE,78358583575,0,78500714205
63,20A 125V WHITE DUPLEX RECEPTACLE COMMERCIAL GRADE,3266475072,0,78500703473
529,20A 250V 2 POLE 3 WIRE CONNECTOR FEMALE END,3266433300,0,78500715201
2639,20A 250V 2 POLE 3 WIRE LOCKING CONNECTOR FEMALE END,78358583579,0,78500715201
662,20A 250V 2 POLE 3 WIRE LOCKING RECEPTACLE L6-20R,78358523558,0,78500726205
1192,20A 250V 2 POLE 3 WIRE PLUG MALE END,3266433640,0,78500726204
3003,20A 250V 3 PHASE 3 POLE 4 WIRE LOCKING CONNECTOR FEMALE END,3266473797,0,78500715201
3001,20A 250V 3 PHASE 3 POLE 4 WIRE LOCKING RECEPTACLE,4089367740,0,78500714205
1408,20A 250V 3 PHASE 3 POLE 4 WIRE PLUG MALE END,4089367867,0,78500715204
2671,20A 250V L620P TWISTLOCK MALE END,78358583580,0,78500726204
2142,20A 250V SINGLE RECEPTACLE GRAY,3266438280,0,78500758512
1743,20A 250V SINGLE RECEPTACLE NEMA6-20R LIGHT ALMOND,3266475260,0,78500758512
2837,20A 250V SINGLE RECPTACLE HEAVY DUTY WHITE,7847747938,0,78500758512
2516,20A 250V TWISTLOCK RECEPTACLE,78358583578,0,78500726205
3044,20A 277V 2 POLE 3 WIRE LOCKING RECEPTACLE,4089367704,0,78500726205
1404,20A 277V TWISTLOCK RECEPTACLE,4089368145,0,78500726205
2574,20A 480V 3 POLE 4 WIRE LOCKING PLUG MALE END,78358583592,0,78500726204
3120,20A DECORA DUPLEX RECEPTACLE WHITE,3266472968,0,78500778540
3158,20A DECORA DUPLEX RECPTACLE w/ USB IVORY TAMPER RESISTANT,3266474159,0,78500703166
2692,20A DOUBLE POLE TOGGLE SWITCH WHITE 20A 120/277,3266455910,0,78500700623
1878,20A DUPLEX RECEPTACLE BROWN,3266470437,0,78500703473
2376,20A DUPLEX RECEPTACLE BROWN COMMERCIAL GRADE TAMPER RESISTANT,3266448910,0,78500703473
2573,20A DUPLEX RECEPTACLE COMMERCIAL GRADE BLACK,3266455490,0,78500703473
2794,20A DUPLEX RECEPTACLE COMMERCIAL GRADE BLACK,3266475076,0,78500703473
2653,20A DUPLEX RECEPTACLE COMMERCIAL GRADE LIGHT ALMOND,3266475074,0,78500703473
2985,20A DUPLEX RECEPTACLE COMMERCIAL GRADE WHITE TAMPER RESISTANT,3266472961,0,78500703473
2141,20A DUPLEX RECEPTACLE GRAY,3266470392,0,78500703473
2261,20A DUPLEX RECEPTACLE GRAY,3266470441,0,78500703473
2585,20A DUPLEX RECEPTACLE GRAY COMMERCIAL GRADE TAMPER RESISTANT,3266466871,0,78500703473
2098,20A DUPLEX RECEPTACLE GRAY COMMERCIAL GRADE TAMPER RESISTANT,3266448928,0,78500703473
2096,20A DUPLEX RECEPTACLE GRAY COMMERCIAL GRADE TAMPER RESISTANT,3266451511,0,78500703473
2183,20A DUPLEX RECEPTACLE GRAY HOSPITAL GRADE,3266470493,0,78500783003
2349,20A DUPLEX RECEPTACLE HOSPITAL GRADE ISOLATED GROUND,3266451309,0,78500783003
1229,20A DUPLEX RECEPTACLE HOSPITAL GRADE IVORY,3266470563,0,78500783003
2795,20A DUPLEX RECEPTACLE INDUSTRIAL GRADE BLACK,3266470384,0,78500783003
2796,20A DUPLEX RECEPTACLE INDUSTRIAL GRADE LIGHT ALMOND,3266470396,0,78500783003
1879,20A DUPLEX RECEPTACLE IVORY,3266470445,0,78500703473
2208,20A DUPLEX RECEPTACLE IVORY,3266475073,0,78500703473
2205,20A DUPLEX RECEPTACLE IVORY,3266448918,0,78500703473
2547,20A DUPLEX RECEPTACLE IVORY COMMERCIAL GRADE TAMPER RESISTANT,3266466874,0,78500703473
2788,20A DUPLEX RECEPTACLE IVORY INDUSTRIAL GRADE,3266470405,0,78500703473
1760,20A DUPLEX RECEPTACLE LIGHT ALMOND,3266458399,0,78500703473
2381,20A DUPLEX RECEPTACLE LIGHT ALMOND COMMERCIAL GRADE,3266470443,0,78500703473
2555,20A DUPLEX RECEPTACLE LIGHT ALMOND COMMERCIAL GRADE TAMPER RESISTANT,3266466872,0,78500703473
3272,20A DUPLEX RECEPTACLE TAMPER RESISTANT,3266472960,0,78500703473
2185,20A DUPLEX RECEPTACLE WHITE COMMERCIAL GRADE,3266470447,0,78500703473
498,20A DUPLEX RECEPTACLE WHITE COMMERCIAL GRADE,3266435030,0,78500703473
2099,20A DUPLEX RECEPTACLE WHITE COMMERCIAL GRADE TAMPER RESISTANT,3266448923,0,78500703473
2537,20A DUPLEX RECEPTACLE WHITE TAMPER RESISTANT,3266466875,0,78500703473
3012,20A DUPLEX RECEPTACLE WHITE TAMPER RESISTANT,3266471863,0,78500703473
2742,20A DUPLEX RECEPTACLE WHITE TAMPER RESISTANT,3266472283,0,78500703473
2534,20A DUPLEX RECEPTACLE WHITE TAMPER RESISTANT / WEATHER RESISTANT,3266466629,0,78500703473
3280,20A GFCI / AFCI RECEPTACLE LIGHT ALMOND TAMPER RESISTANT,3266474769,0,78500705581
3208,20A GFCI / AFCI RECEPTACLE WHITE TAMPER RESISTANT,3266474770,0,78500705581
3084,20A GFCI RECEPTACLE BROWN,3266474249,0,78500703587
3099,20A GFCI RECEPTACLE BROWN TAMPER RESISTANT / WEATHER RESISTANT,3266474299,0,78500703610
3109,20A GFCI RECEPTACLE GRAY TAMPER RESISTANT,3266473994,0,78500703587
3100,20A GFCI RECEPTACLE GRAY TAMPER RESISTANT / WEATHER RESISTANT,3266474300,0,78500703610
3080,20A GFCI RECEPTACLE HOSPITAL GRADE GRAY,3266474273,0,78500703589
3082,20A GFCI RECEPTACLE HOSPITAL GRADE IVORY,3266474276,0,78500703589
3081,20A GFCI RECEPTACLE HOSPITAL GRADE RED,3266474275,0,78500703589
3083,20A GFCI RECEPTACLE HOSPITAL GRADE WHITE,3266474277,0,78500703589
3111,20A GFCI RECEPTACLE IVORY TAMPER RESISTANT,3266473997,0,78500703589
3102,20A GFCI RECEPTACLE IVORY TAMPER RESISTANT / WEATHER RESISTANT,3266474302,0,78500703610
3087,20A GFCI RECEPTACLE LIGHT ALMOND,3266475004,0,78500703587
3110,20A GFCI RECEPTACLE LIGHT ALMOND TAMPER RESISTANT,3266473995,0,78500703587
3101,20A GFCI RECEPTACLE LIGHT ALMOND TAMPER RESISTANT / WEATHER RESISTANT,3266474301,0,78500703610
3088,20A GFCI RECEPTACLE RED,3266474255,0,78500703587
3113,20A GFCI RECEPTACLE WHITE HOSPITAL GRADE TAMPER RESISTANT,3266474012,0,78500703589
3112,20A GFCI RECEPTACLE WHITE TAMPER RESISTANT,3266473998,0,78500703589
3103,20A GFCI RECEPTACLE WHITE TAMPER RESISTANT / WEATHER RESISTANT,3266474303,0,78500703610
3092,20A GFCI RECEPTACLE WHITE TAMPER RESISTANT / WEATHER RESISTANT,3266474312,0,78500703610
3114,20A GFCI SELF TEST BLANK FACE WHITE,3266475006,0,7847771458
1534,20A ISOLATED GROUND ORANGE NM5-20 RECEPTACLE,3266435020,0,78500765361
1558,20A IVORY DUPLEX RECEPTACLE ILLUMINATED HOSPITAL GRADE,3266470511,0,78500783003
1560,20A IVORY DUPLEX RECEPTACLE TAMPER RESISTANT HOSPITAL GRADE,3266455462,0,78500783003
3008,20A S 20A 125V 2 POLE 3 WIRE LOCKING RECEPTACLE,4089367693,0,78500726205
2182,20A SINGLE RECEPTACLE GRAY,3266438220,0,78500758512
2213,20A SINGLE RECEPTACLE IVORY,3266438200,0,78500758512
2551,20A SINGLE RECEPTACLE WHITE TAMPER RESISTANT,3266475023,0,78500758512
862,20A WHITE DUPLEX RECEPTACLE,3266470409,0,78500703473
1559,20A WHITE DUPLEX RECEPTACLE ILLUMINATED HOSPITAL GRADE,3266470515,0,78500703473
2074,20X20X6 NEMA 4/12 DOOR NO KOs,78672585900,0,Call for price 
1914,23/4PR CAT6 BLUE RISER,61917204974,0,Call for price 
3135,24in TELESCOPING STUD MOUNT BOX BRACKET,79903863002,0,78285647624
1487,24X4X4 NEMA1 SCREW COVER WIREWAY NO KO (GUTTER),78672535221,0,78351052180
1488,24X6X6 NEMA1 SCREW COVER WIREWAY NO KO (GUTTER),78672535421,0,78351052350
2710,250 2 PORT DUAL RATED ENCAPSULATED MULTI-TAP BLOCK 1 WAY,78378671470,0,
2679,250 2 PORT DUAL RATED ENCAPSULATED MULTI-TAP BLOCK 2 WAY,78378671469,0,
2762,250 3 PORT DUAL RATED ENCAPSULATED MULTI-TAP BLOCK 1 WAY,78378679882,0,
2400,250 ALUM / COPPER 1 PORT LUG,78378613323,0,78181037015
1453,25A 3P CIRCUIT BREAKER 240V STAB ON,78667600009,0,78364315675
1730,2G 1 DECORA / 1 DUPLEX RECEPTACLE MIDSIZED COVER IVORY,3266458069,0,78500727603
1729,2G 1 DECORA / 1 DUPLEX RECEPTACLE MIDSIZED COVER LIGHT ALMOND,3266475121,0,78500727603
1731,2G 1 DECORA / 1 DUPLEX RECEPTACLE MIDSIZED COVER WHITE,3266475122,0,78500727603
1726,2G 1 DECORA / 1 TOGGLE MIDSIZED COVER GRAY,3266457899,0,78500727539
1727,2G 1 DECORA / 1 TOGGLE MIDSIZED COVER IVORY,3266475107,0,78500727539
1725,2G 1 DECORA / 1 TOGGLE MIDSIZED COVER LIGHT ALMOND,3266475106,0,78500727539
1728,2G 1 DECORA / 1 TOGGLE MIDSIZED COVER WHITE,3266475126,0,78500727539
2591,2G 1 DUPLEX RECEPTACLE / 1 DECORA MIDSIZED COVER GRAY,3266458067,0,78500727603
1803,2G 1 TOGGLE / 1 BLANK COVER WHITE,3266457889,0,78500727532
1724,2G 1 TOGGLE / 1 DUPLEX MIDSIZED COVER LIGHT ALMOND,3266475108,0,78500727489
1797,2G 1 TOGGLE/ 1 DUPLEX RECEPTACLE COVER GRAY,3266457930,0,78500727489
1799,2G 1 TOGGLE/ 1 DUPLEX RECEPTACLE COVER IVORY,3266475109,0,78500727489
1801,2G 1 TOGGLE/ 1 DUPLEX RECEPTACLE COVER WHITE,3266475130,0,78500727489
1804,2G 2.15 DIAMETER OUTLET COVER IVORY,3266458047,0,78500727489
1805,2G 2.15 DIAMETER OUTLET COVER WHITE,3266458048,0,78500727489
2799,2G BLANK BLACK,3266455522,0,78500727496
2359,2G BLANK COVER GRAY,3266445900,0,78500727496
508,2G BLANK COVER IVORY,3266445880,0,78500727496
1718,2G BLANK COVER LIGHT ALMOND,3266457948,0,78500727496
1780,2G BLANK COVER MIDSIZED COVER BROWN,3266457949,0,78500727496
1782,2G BLANK COVER MIDSIZED COVER GRAY,3266457951,0,78500727496
1787,2G BLANK COVER MIDSIZED COVER IVORY,3266457925,0,78500727496
1783,2G BLANK COVER MIDSIZED COVER IVORY,3266475110,0,78500727496
1784,2G BLANK COVER MIDSIZED COVER WHITE,3266475137,0,78500727496
548,2G BLANK COVER WHITE,3266445890,0,78500727496
2127,2G BLANK MIDSIZE COVER BLACK,3266457950,0,78500727496
1756,2G DECORA / TOGGLE SWITCH COVER LIGHT ALMOND,3266458307,0,78500727539
518,2G DECORA COVER BROWN,3266449275,0,78500727553
2292,2G DECORA COVER GRAY,3266449290,0,78500727553
519,2G DECORA COVER IVORY,3266449280,0,78500727553
1755,2G DECORA COVER LIGHT ALMOND,3266458306,0,78500727553
520,2G DECORA COVER WHITE,3266449285,0,78500727553
2128,2G DECORA MIDSIZE COVER GRAY,3266457964,0,78500727553
1788,2G DECORA MIDSIZED COVER BLACK,3266457962,0,78500727553
1786,2G DECORA MIDSIZED COVER BROWN,3266457961,0,78500727553
1790,2G DECORA MIDSIZED COVER IVORY,3266475111,0,78500727553
1722,2G DECORA MIDSIZED COVER LIGHT ALMOND,3266475138,0,78500727553
1791,2G DECORA MIDSIZED COVER WHITE,3266475139,0,78500727553
2611,2G DECORA MIDSIZED SCREWLESS COVER WHITE,3266475161,0,78500727553
2131,2G DUPLEX RECEPTACLE COVER BLACK,3266458073,0,78500727525
514,2G DUPLEX RECEPTACLE COVER BROWN,3266434230,0,78500727525
501,2G DUPLEX RECEPTACLE COVER IVORY,3266434240,0,78500727525
1754,2G DUPLEX RECEPTACLE COVER LIGHT ALMOND,3266458304,0,78500727525
1713,2G DUPLEX RECEPTACLE COVER MIDSIZED BROWN,3266458072,0,78500727525
1714,2G DUPLEX RECEPTACLE COVER MIDSIZED GRAY,3266458075,0,78500727525
1715,2G DUPLEX RECEPTACLE COVER MIDSIZED IVORY,3266475153,0,78500727525
1712,2G DUPLEX RECEPTACLE COVER MIDSIZED LIGHT ALMOND,3266475123,0,78500727525
1716,2G DUPLEX RECEPTACLE COVER MIDSIZED WHITE,3266475154,0,78500727525
1536,2G DUPLEX RECEPTACLE COVER RED,3266446110,0,78500727525
2234,2G DUPLEX RECEPTACLE COVER RED,3266448140,0,78500727525
502,2G DUPLEX RECEPTACLE COVER WHITE,3266434250,0,78500727525
1438,2G GRAY DECORA COVER,3266449310,0,78500727549
2140,2G SINGLE RECEPTACLE COVER 2.47 DIAMETER WHITE,3266454111,0,78500727586
2307,2G STAINLESS STEEL 1 TOGGLE / 1 DUPLEX COVER,3266453832,0,78500712920
1228,2G STAINLESS STEEL 1 TOGGLE / 1 RECEPTACLE COVER,3266443770,0,78500712920
1227,2G STAINLESS STEEL 1 TOGGLE SWITCH / 1 DECORA COVER,3266443750,0,78500712920
2153,2G STAINLESS STEEL 2.46 DIAMETER SINGLE RECEPTACLE COVER,3266453820,0,78500712958
1396,2G STAINLESS STEEL RECEPTACLE COVER 2.156 DIAMETER,3266453822,0,78500712958
1221,2G STAINLESS STEEL SWITCH COVER,3266443650,0,78500712902
3269,2G STAINLESS STEEL TOGGLE SWITCH COVER,3266474726,0,78500712902
3267,2G STAINLESSDUPLEX RECEPTACLE SWITCH COVER,3266474729,0,78500712934
2138,2G TOGGLE SWITCH COVER BLACK,3266455514,0,78500727413
2613,2G TOGGLE SWITCH COVER BLACK,3266455518,0,78500727413
51,2G TOGGLE SWITCH COVER GRAY,3266475200,0,78500727413
511,2G TOGGLE SWITCH COVER IVORY,3266475197,0,78500727413
499,2G TOGGLE SWITCH COVER IVORY,3266434210,0,78500727413
1699,2G TOGGLE SWITCH COVER MIDSIZED BROWN,3266458016,0,78500727413
1700,2G TOGGLE SWITCH COVER MIDSIZED GRAY,3266458019,0,78500727413
1701,2G TOGGLE SWITCH COVER MIDSIZED IVORY,3266475147,0,78500727413
1698,2G TOGGLE SWITCH COVER MIDSIZED LIGHT ALMOND,3266475146,0,78500727413
1702,2G TOGGLE SWITCH COVER MIDSIZED WHITE,3266475148,0,78500727413
500,2G TOGGLE SWITCH COVER WHITE,3266434220,0,78500727413
510,2G TOGGLE/ DUPLEX RECEPTACLE COVER WHITE,3266434190,0,78500727489
526,2G TOGGLE/BLANK COVER IVORY,3266448190,0,78500727532
521,2G TOGGLE/DECORA COVER IVORY,3266449300,0,78500727539
522,2G TOGGLE/DECORA COVER WHITE,3266449305,0,78500727539
509,2G TOGGLE/DUPLEX RECEPTACLE COVER IVORY,3266434180,0,78500727489
171,2in 45 DEGREE SCHEDULE 40 PVC ELBOW,3448113011,0,
437,2in BEAM CLAMP 3/8-16,78456410533,0,78174700953
2939,2in CHASE BUSHED NIPPLED STEEL,78456411055,0,78174791107
342,2in CLAMP WEATHERHEAD / ENTRANCE CAP,5016902408,0,78174701256
2764,2in CONDUIT BODY COVER,66227700445,0,
2663,2in CONDUIT BODY COVER WEDGE NUT,78227419455,0,
2849,2in DIECAST HUB CONNECTOR,66227700823,0,78174709156
2617,2in INSULATED CABLE CONNECTOR,78621003120,0,
2843,2in NM SCREW (ROMEX CONNECTOR) CONNECTOR DIECAST,78456412671,0,78174715676
870,2in PIPE AND CONDUIT CHANNEL CLAMP RIGID,78101161068,0,78101160464
1025,2in RIGID OR EMT HANGER (MINI),78101119806,0,78285612005
2830,2in SQUEEZE FLEX CONNECTOR,78456400338,0,78174715676
2805,2POLE 30A 600V MODULAR FUSE HOLDER,5171236267,0,7945802071
3209,2X2 RECESSED FLAT PANEL 4000K 120/277V 0-10V DIM,8008383354,0,19304854280
3210,2X4 RECESSED FLAT PANEL 4000K 120/277V 0-10V DIM,8008383366,0,19304854284
2925,3 1/2 COMPRESSION CONNECTOR RIGID,78456412209,0,78174718255
2928,3 1/2 COMPRESSION COUPLING RIGID,78456412229,0,84213610059
1496,"3 POLE, 4 WIRE, 3 PHASE SINGLE GROUNDING LOCKING RECEPTACLES 20A, 250V, NEMA L15-20R",78358523575,0,78500715205
1497,"3 POLE, 4 WIRE, 3 PHASE SINGLE GROUNDING LOCKING RECEPTACLES 30A, 250V, NEMA L15-30R",78358523613,0,78500715305
1763,"3 POLE, 4 WIRE, SINGLE NON-GROUNDING LOCKING RECEPTACLES 30A, 125/250V, NEMA L14-30R",78358523608,0,78500714305
3173,3 PORT WHITE DECORA MODULAR INSERT,3266462935,0,80442802462
3031,3 SPEED DECORA FAN CONTROL WHITE,3266466232,0,2755770647
3214,3 SPEED FAN COTROL DECORA LIGHT ALMOND,3266466227,0,2755770647
1742,3 WAY 15A TOGGLE SWITCH 15A LIGHT ALMOND 120/277,3266475092,0,78500719113
1470,3 WAY 15A TOGGLE SWITCH BROWN 15A 120/277,3266430880,0,78500766304
2373,3 WAY 20A TOGGLE SWITCH COMMERCIAL GRADE WHITE 120/277,3266464766,0,78500712658
2123,3 WAY COMMERCIAL TOGGLE SWITCH BLACK 15A 120/277,3266455496,0,78500712658
479,3 WAY COMMERCIAL TOGGLE SWITCH BROWN 20A 120/277,3266473477,0,78500712658
2105,3 WAY COMMERCIAL TOGGLE SWITCH GRAY 15A 120/277,3266448785,0,78500712658
2108,3 WAY COMMERCIAL TOGGLE SWITCH GRAY 20A 120/277,3266448868,0,78500712658
480,3 WAY COMMERCIAL TOGGLE SWITCH IVORY 20A 120/277,3266473485,0,78500712658
2133,3 WAY COMMERCIAL TOGGLE SWITCH IVORY LIGHTED 15A 120/277,3266470641,0,78500719576
2119,3 WAY COMMERCIAL TOGGLE SWITCH LIGHT ALMOND 15A 120/277,3266464485,0,78500712658
2107,3 WAY COMMERCIAL TOGGLE SWITCH WHITE 15A 120/277,3266448780,0,78500712658
2112,3 WAY COMMERCIAL TOGGLE SWITCH WHITE 20A 120/277,3266448818,0,78500712658
2109,3 WAY COMMERCIAL TOGGLE SWITCH WHITE 20A 120/277,3266448863,0,78500712658
2187,3 WAY COMMERCIAL TOGGLE SWITCH WHITE 20A 120/277,3266455914,0,78500712658
2146,3 WAY DECORA SWITCH BLACK 15A 120/277V,3266475245,0,78500712658
1930,3 WAY DECORA SWITCH BROWN 15A 120/277V,3266475244,0,78500724546
1864,3 WAY DECORA SWITCH IVORY 15A 120/277V,3266462768,0,78500724546
1927,3 WAY DECORA SWITCH LIGHT ALMOND 15A 120/277V,3266462765,0,78500724546
2059,3 WAY DECORA SWITCH LIGHT ALMOND 15A 120/277V,3266475013,0,78500724546
2274,3 WAY DECORA SWITCH LIGHT ALMOND 20A 120/277V,3266464760,0,78500724546
1865,3 WAY DECORA SWITCH WHITE 15A 120/277V,3266462771,0,78500724546
2191,3 WAY DECORA SWITCH WHITE 15A 120/277V,3266464730,0,78500724546
2396,3 WAY DECORA SWITCH WHITE LIGHTED,3266464776,0,7847751428
3283,3 WAY OR SINGLE POLE DECORA SWITCH RADIO FREQUENCY DIMMER LIGHT ALMOND,3266475516,0,
3282,3 WAY OR SINGLE POLE DECORA SWITCH RADIO FREQUENCY DIMMER WHITE,3266475518,0,
2947,3 WAY OR SINGLE POLE DECORA SWITCH SIDE SLIDE DIMMER 600 WATT w/ MULTI COLOR FACE KIT LIGHT ALMOND WHITE IVORY,32664760723,0,
2948,3 WAY OR SINGLE POLE TOGGLE SWITCH SIDE SLIDE DIMMER 600 WATT w/ MULTI COLOR FACE KIT LIGHT ALMOND WHITE IVORY,3266473113,0,
528,3 WAY TOGGLE SWITCH 15A WHITE 120/277V,3266451948,0,78500766304
2797,3 WAY TOGGLE SWITCH INDUSTRIAL GRADE 20A 120/277 BLACK,3266473478,0,78500712655
2277,3 WAY TOGGLE SWITCH INDUSTRIAL GRADE WHITE 20A 120/277,3266473486,0,78500712655
1212,3 WAY TOGGLE SWITCH IVORY 15A 120/277,3266475091,0,78500712655
1692,3 WAY TOGGLE SWITCH LIGHT ALMOND HEAVY DUTY 20A 120/277,3266458319,0,78500712655
1213,3 WAY TOGGLE SWITCH WHITE 15A 120/277,3266475090,0,78500712655
1107,3/0 CRIMP 1 HOLE LUG,78621054111,0,78181050324
2430,3/16 X 1-1/4 FENDER WASHER,8593708057,0,
2620,3/16 X 1-1/4 TAPCON CONCRETE,8593708279,0,
2458,3/16X 3 TOGGLE BOLT,8593708155,0,
732,3/4 50-375 CORD CONNECTOR,78358520033,0,78621002535
730,3/4 50-625 CORD CONNECTOR,78358520034,0,78621002535
57,3/4 625-75 CORD CONNECTOR,78358520037,0,78621002535
193,3/4 90 DEGREE BELBOW END ELBOW,3448115757,0,
2816,3/4 90 DEGREE SCREW CLAMP FLEX CONNECTOR,78456400356,0,78174715806
2937,3/4 CHASE BUSHED NIPPLED STEEL,78456411051,0,78174791103
451,3/4 CONDULET ALUM BOX FEED THROUGH 1G,78227474512,0,83524300517
449,3/4 CONDULET CAST BOX 1G,78227440610,0,83524300517
3190,3/4 CONDULET CAST BOX 2G,78227412649,0,83524300589
2372,3/4 CONDULET CAST BOX FEED TRHU 2G,78393615010,0,83524300589
1485,3/4 CORD RESTRAINT,4089364652,0,78621002535
3211,3/4 CORD STRAIN RELIEF .54 - .73,78358555016,0,78621002535
2847,3/4 DIECAST HUB CONNECTOR,66227700809,0,78473110004
711,3/4 GROUND ROD CLAMP,78378680068,0,78285630704
1452,3/4 GROUNDING HUB,78621091367,0,78473110004
439,3/4 KO SNAP IN BLANK,78456410336,0,78174701692
62,3/4 LIQUID TIGHT GRAY,78267312102,0,98005002341
2738,3/4 NM SCREW (ROMEX) CONNECTOR DIECAST,78456412631,0,78174715670
2262,3/4 SET SCREW CONNECTOR INSULATED,78456411451,0,5016902123
2812,3/4 SET SCREW EMT CONNECTOR DIECAST,78456400377,0,78174715231
2813,3/4 SET SCREW EMT COUPLING DIECAST,78456400397,0,78174709241
2826,3/4 SQUEEZE FLEX CONNECTOR,78456400334,0,78174715408
2833,3/4 SQUEEZE FLEX CONNECTOR INSULATED,78456400345,0,78174715408
1105,3/4 STRAIGHT LIQUID TIGHT CONNECTOR,78621005363,0,66236430075
2822,3/4 STRAIGHT THREADED FLEX CONNECTOR,66227700093,0,78174715408
707,"3/4"" EMT",78669202002,0,98001002002
2163,"3/4"" EMT BLUE",9111101811,0,98001002112
2330,"3/4"" EMT ORANGE",78669201831,0,98001002512
1894,"3/4"" EMT RED",78669201801,0,98001002012
2521,"3/4"" EMT YELLOW",9111115021,0,98001002212
1126,3/4X 1-3/8 CLOSE GALV NIPPLE,78669254014,0,98002000431
2815,3/8 90 DEGREE SCREW CLAMP FLEX CONNECTOR,78456400354,0,78174715801
2897,3/8 FLAT WASHER,8593702459,0,
2426,3/8 FLAT WASHER,8593708045,0,
2519,3/8 LOCK WASHER 18-8,8593708193,0,
2644,3/8 NM SCREW (ROMEX) CONNECTOR DIECAST,78456420759,0,78174715650
2428,3/8 SPLIT LOCKWASHER,8593708053,0,
2824,3/8 SQUEEZE FLEX CONNECTOR,78456400332,0,78174715650
1092,3/8 STRAIGHT LIQUID TIGHT CONNECTOR,78621005331,0,66236430038
2955,3/8 THREADED ROD,61601308151,0,
2601,3/8 X 1 FENDER WASHER,8593704268,0,
2434,3/8 X 1-1/4 FENDER WASHER,8593708246,0,
3184,3/8 X 1-1/4 FENDER WASHER 18-8 GRADE,8593794234,0,
2467,3/8 X 2-1/4 STUD WEDGE ANCHOR,8593708346,0,
2468,3/8 X 3-3/4 STUD WEDGE ANCHOR,8593708300,0,
3192,3/8 X 5 STUD WEDGE ANCHOR,8593796196,0,
1624,3/8-16 12FT STAINLESS STEEL THREADED ROD,8593771923,0,
2423,3/8-16 HEX NUT,8593708036,0,
1458,3/8-16 HEX NUT,8593740235,0,
2469,3/8-16 HEX NUT 18-8 GRADE,8593708189,0,
2464,3/8-16 MACHINE SCREW,8593708173,0,
2466,3/8-16 STEEL DROP ANCHOR,8593708177,0,
2462,3/8-16 X 1 1/8 ROD COUPLING,8593708167,0,
2455,3/8-16 X 1 HEX HEAD BOLT,8593708128,0,
2456,3/8-16 X 1-1/2 HEX HEAD BOLT,8593708131,0,
2558,3/8-16 X 1-1/4 HEX HEAD BOLT,8593708130,0,
2453,3/8-16 X 1/2 HEX HEAD BOLT,8593708126,0,
2457,3/8-16 X 2 HEX HEAD BOLT,8593708132,0,
2454,3/8-16 X 3/4 HEX HEAD BOLT,8593708127,0,
2011,3/8-16X 1 COMBO HEAD MACHINE SCREW,8593753216,0,
1417,30 / 50A 250V 2 POLE 3 WIRE 90 DEGREE PLUG MALE END,3266451784,0,
875,30 / 50A 250V 3 POLE 3 WIRE 90 DEGREE PLUG MALE END,3266451785,0,
3007,30A 125/250V 3 PHASE 3 POLE 4 WIRE LOCKING CONNECTOR FEMALE END,3266473794,0,78500715309
2974,30A 125/250V 3 PHASE 3 POLE 4 WIRE LOCKING PLUG MALE END,3266475567,0,78500715304
2973,30A 125/250V 3 POLE 3 WIRE RECEPTACLE,4089367732,0,78500726305
2530,30A 125/250V 3 POLE 4 WIRE LOCKING PLUG MALE END,78358584066,0,78500715304
3005,30A 125V 2 POLE 3 WIRE LOCKING CONNECTOR FEMALE END,3266473842,0,78500725301
2567,30A 125V 2 POLE 3 WIRE LOCKING PLUG MALE END,78358583593,0,78500725304
2991,30A 125V 2 POLE 3 WIRE LOCKOING RECEPTACLE,4089367712,0,78500725305
2972,30A 125V 3 POLE 3 WIRE LOCKING PLUG MALE END,3266473784,0,78500725304
490,30A 2 POLE 3 WIRE MALE END PLUG,3266475221,0,78500725304
1157,30A 2 POLE FLUSHMOUNT RECEPTACLE NEMA 5-30R,3266430620,0,78500738010
1410,30A 240V 2 POLE NEMA1 ENCLOSED MANUAL MOTOR CONTROLLER,4089361684,0,78500726768
2497,30A 250V 2 POLE 3 WIRE LOCKING CONNECTOR FEMALE END,78358583598,0,78500726301
2975,30A 250V 2 POLE 3 WIRE LOCKING PLUG MALE END,3266473847,0,78500726304
2982,30A 250V 2 POLE 3 WIRE LOCKING RECPTACLE,4089367716,0,78500726305
538,30A 250V 2 POLE 3 WIRE RV RECEPTACLE,3266430700,0,78500779040
2992,30A 250V 3 PHASE 3 POLE 4 WIRE LOCKING CONNECTOR FEMALE END,3266473800,0,78500715309
2983,30A 250V 3 PHASE 3 POLE 4 WIRE LOCKING PLUG MALE END,3266473801,0,78500715304
2150,30A 250V 3 POLE 4 WIRE NEMA 15-30R,4089301862,0,78500757400
2353,30A 250V 3POLE 3 WIRE SURFACE MOUNT RECEPTACLE NEMA10-30,3266419650,0,78500749220
2672,30A 250V L630C TWISTLOCK CONNECTOR,78358583597,0,78500726301
2517,30A 250V TWISTLOCK RECEPTACLE,78358583596,0,78500726305
1473,30A 250V TWISTLOCK RECEPTACLE NEMA L6-30R,78358523599,0,78500726305
684,30A 2P CIRCUIT BREAKER 240V STAB ON,30786676362,0,78364314838
2670,30A 3 PHASE 250V L1530P TWISTLOCK MALE END,78358584069,0,78500715304
2607,30A 3 PHASE 480V TWISTLOCK RECEPTACLE,78358584071,0,78500716305
472,30A 3 POLE 3 WIRE RECEPTACLE NMA10-30R,3266419910,0,78500779320
2964,30A 480V 3 PHASE 3 POLE 4 WIRE LOCKING PLUG MALE END,3266473808,0,78500716304
3000,30A 480V 3 PHASE 3 POLE 4 WIRE LOCKING RECEPTACLE,4089367755,0,78500716305
663,30A 480V 3 POLE 4 WIRE LOCKING PLUG MALE END,78358503931,0,78500716304
2531,30A 480V 3 POLE 4 WIRE LOCKING PLUG MALE END,78358584073,0,78500716304
859,30A 600V 3 POLE MOTOR CONTROL SWITCH,4089300604,0,78500726768
860,30A 600V 3 POLE N1 ENCLOSED GENERAL DUTY MANUAL MOTOR CONTROL SWITCH,4089359860,0,78500726768
3068,30A 600V FLOW SWITCH,3266474133,0,
47,30A RECEPTACLE STRAIGHT BLADE FLUSH MOUNT NEMA6-30R,3266430610,0,78500738010
1489,36X4X4 NEMA1 SCREW COVER WIREWAY NO KO (GUTTER),78672535431,0,78351052190
1745,3G 2 TOGGLE/1 DUPLEX RECEPTACLE LIGHT ALMOND,3266458275,0,78500727518
1736,3G 2 TOGGLE/1 DUPLEX RECEPTACLE MIDSIZED COVER IVORY,3266457946,0,78500727518
1733,3G 2 TOGGLE/1 DUPLEX RECEPTACLE MIDSIZED COVER IVORY,3266458013,0,78500727518
1735,3G 2 TOGGLE/1 DUPLEX RECEPTACLE MIDSIZED COVER LIGHT ALMOND,3266457942,0,78500727518
1732,3G 2 TOGGLE/1 DUPLEX RECEPTACLE MIDSIZED COVER LIGHT ALMOND,3266458008,0,78500727518
1737,3G 2 TOGGLE/1 DUPLEX RECEPTACLE MIDSIZED COVER WHITE,3266457947,0,78500727518
1734,3G 2 TOGGLE/1 DUPLEX RECEPTACLE MIDSIZED COVER WHITE,3266458014,0,78500727518
2218,3G DECORA COVER BROWN,3266431980,0,78500727560
2130,3G DECORA MIDSIZE COVER BLACK,3266457970,0,78500727560
2129,3G DECORA MIDSIZE COVER BROWN,3266457969,0,78500727560
1794,3G DECORA MIDSIZED COVER IVORY,3266475113,0,78500727560
1723,3G DECORA MIDSIZED COVER LIGHT ALMOND,3266457968,0,78500727560
1792,3G DECORA MIDSIZED COVER WHITE,3266475140,0,78500727560
1222,3G STAINLESS STEEL SWITCH COVER,3266443660,0,78500712904
2193,3G STAINLESS STEELE DUPLEX RECEPTACLE COVER,3266464409,0,78500712904
2137,3G TOGGLE SWITCH COVER BLACK,3266455508,0,78500727420
2637,3G TOGGLE SWITCH COVER GRAY,3266449330,0,78500727420
512,3G TOGGLE SWITCH COVER IVORY,3266449320,0,78500727420
1704,3G TOGGLE SWITCH COVER MIDSIZED IVORY,3266475149,0,78500727420
1703,3G TOGGLE SWITCH COVER MIDSIZED LIGHT ALMOND,3266475114,0,78500727420
1705,3G TOGGLE SWITCH COVER MIDSIZED WHITE,3266475150,0,78500727420
513,3G TOGGLE SWITCH COVER WHITE,3266475206,0,78500727420
1664,3in COMPRESSION CONNECTOR EMT INSULATED DIECAST,78174716257,0,84213610041
2776,3in COMPRESSION COUPLING RIGID,78456412228,0,84213610041
3287,3in CONDUIT BODY RIGID LL,78456414028,0,78174703548
3289,3in CONDUIT BODY RIGID LR,78456414018,0,78429732388
2736,3W DECORA SWITCH BLACK 20A 120/277,3266464703,0,78500724546
2314,3W DECORA SWITCH GRAY 15A 120/277,3266462787,0,78500724546
2604,3W TOGGLE SWITCH GRAY INDUSTRIAL GRADE 20A 120/277,3266473479,0,78500712655
2382,3W TOGGLE SWITCH IVORY COMMERCIAL GRADE 20A 120/277,3266448858,0,78500712655
910,3X 2-5/8CLOSE ALUM NIPPLE,78217201411,0,98002000611
2684,4 2 PORT DUAL RATED ENCAPSULATED MULTI-TAP BLOCK 1 WAY,78378671530,0,
2682,4 2 PORT DUAL RATED ENCAPSULATED MULTI-TAP BLOCK 1 WAY,78378679883,0,
2681,4 2 PORT DUAL RATED ENCAPSULATED MULTI-TAP BLOCK 2 WAY,78378671490,0,
2683,4 3 PORT DUAL RATED ENCAPSULATED MULTI-TAP BLOCK 1 WAY,78378679881,0,
59,4 WAY 20A TOGGLE SWITCH WHITE,3266473514,0,78500712639
474,4 WAY COMMERCIAL TOGGLE SWITCH 20A IVORY,3266473516,0,78500712639
475,4 WAY COMMERCIAL TOGGLE SWITCH 20A WHITE,3266448880,0,78500712639
481,4 WAY COMMERCIAL TOGGLE SWITCH IVORY 20A 120/277,3266473493,0,78500712639
1555,4 WAY COMMERCIAL TOGGLE SWITCH IVORY 20A 120/277,3266473747,0,78500712639
2060,4 WAY DECORA SWITCH IVORY 15A 120/277V,3266464382,0,78500712639
2061,4 WAY DECORA SWITCH WHITE 15A 120/277V,3266464383,0,78500712639
2782,4 WAY TOGGLE SWITCH 15A 120/277 LIGHT ALMOND,3266465111,0,78500712639
492,4 WAY TOGGLE SWITCH 15A IVORY 120/277V,3266475015,0,78500712639
1740,4 WAY TOGGLE SWITCH 15A LIGHT ALMOND 120/277,3266475014,0,78500712639
496,4 WAY TOGGLE SWITCH 15A WHITE 120/277V,3266475016,0,78500712639
1219,4 WAY TOGGLE SWITCH GRAY INDUSTRIAL 20A 120/277,3266473489,0,78500712639
1218,4 WAY TOGGLE SWITCH WHITE INDUSTRIAL 20A 120/277,3266473494,0,78500712639
1519,40A 1P CIRCUIT BREAKER 120V STAB ON,78667636225,0,78364314822
2853,40A 1P CIRCUIT BREAKER 120V STAB ON,78668553213,0,78364314822
2233,48-PORT MODULAR MINI FLAT PATCH PANEL,7498303686,0,
369,48in BLACK HEAT SLEEVE,5400708903,0,5400708968
3195,4ft LED STRIPLIGHT w/ LENS 4000K 120/277V,112822289,0,19304885267
1231,4G 3 TOGGLE / 1DUPLEX RECEPTACLE COVER,3266451986,0,78500727567
1867,4G DECORA MIDSIZE COVER IVORY,3266457979,0,78500727567
1866,4G DECORA MIDSIZE COVER LIGHT ALMOND,3266457975,0,78500727567
1868,4G DECORA MIDSIZE COVER WHITE,3266475141,0,78500727567
1223,4G STAINLESS STEEL SWITCH COVER,3266443670,0,78500712905
523,4G TOGGLE SWITCH COVER IVORY,3266451125,0,78500727427
1757,4G TOGGLE SWITCH COVER LIGHT ALMOND,3266458308,0,78500727427
524,4G TOGGLE SWITCH COVER WHITE,3266451130,0,78500727427
1872,4G TOGGLE SWITCH MIDSIZE COVER BLACK,3266458032,0,78500727427
2164,4G TOGGLE SWITCH MIDSIZE COVER BROWN,3266458031,0,78500727427
1873,4G TOGGLE SWITCH MIDSIZE COVER IVORY,3266475116,0,78500727427
1871,4G TOGGLE SWITCH MIDSIZE COVER LIGHT ALMOND,3266475115,0,78500727427
1874,4G TOGGLE SWITCH MIDSIZE COVER WHITE,3266475151,0,78500727427
2926,4in COMPRESSION CONNECTOR RIGID,78456412210,0,84213610073
3035,4in COMPRESSION CONNECTOR RIGID INSULATED THROAT,78456412220,0,84213610073
3288,4in CONDUIT BODY RIGID LL,78456414030,0,78393608019
3165,4in SHOWER TRIM WHITE FLAT w/ PRISMATIC GLASS LENS,8008374598,0,66240013076
1019,4X 2-7/8 CLOSE ALUM NIPPLE,78217201471,0,98002000671
3024,5 BUTTON PROGRAMABLE TIMER LIGHT ALMOND,3266472321,0,7847745922
1018,500 2 HOLE COPPER LUG,78621088273,0,
668,50A 125/250 LOCKING CONNECTOR,78358582797,0,
1553,50A 125/250V 3 POLE 3 WIRE SURFACE RECEPTACLE,3266419640,0,
1557,50A 125/250V 3 POLE 4 WIRE FLUSH MOUNT,3266430690,0,
2586,50A 125/250V 3 POLE 4 WIRE LOCKING WIRE CONNECTOR FEMALE END,3266466387,0,
2949,50A 250/600V 3 POLE 4 WIRE LOCKING PLUG MALE END,3266466384,0,
537,50A 250V 2 POLE 3 WIRE NEMA 6-50R RECEPTACLE,3266430670,0,
2143,50A 250V 2 POLE 3 WIRE PLUG MALE END,4089302027,0,
539,50A 250V 2 POLE 3 WIRE SURFACE MOUNT RECEPTACLE,3266430650,0,
473,50A 250V 3 POLE 3 WIRE RECEPTACLE NEMA 10-50R,3266419840,0,
1401,50A 250V 3 POLE 4 WIRE 90 DEGREE PLUG MALE END,4089301974,0,
2151,50A 250V 3 POLE 4 WIRE NEMA 15-50R,4089301863,0,
1402,50A 250V 4 POLE 4 WIRE 90 DEGREE PLUG MALE END,4089302044,0,
2669,5A VARIABLE SPEED FAN CONTROL,3266469929,0,81170679551
2798,5G DECORA COVER GRAY,3266457984,0,78500727574
2767,5G DECORA MIDSIZE COVER BLACK,3266457983,0,78500727574
1869,5G DECORA MIDSIZE COVER LIGHT ALMOND,3266457981,0,78500727574
1870,5G DECORA MIDSIZE COVER WHITE,3266457986,0,78500727574
2689,5G STAINLESS STEEL DECORA COVER,3266453844,0,78500713600
2152,5G STAINLESS STEEL TOGGLE SWITCH COVER,3266453840,0,78500712906
1875,5G TOGGLE SWITCH MIDSIZE COVER WHITE,3266458040,0,78500727434
819,6 1 HOLE COPPER LUG,78621089009,0,
1052,6 CRIMP 1 HOLE LUG,78621054105,0,
2484,6 X 1-5/8 DRYWALL SCREW,8593708233,0,
2419,6-32 HEX NUT,8593708030,0,
2435,6-32 X 1 MACHINE SCREW,8593708083,0,
2436,6-32 X 1-1/2 MACHINE SCREW,8593708085,0,
2437,6-32 X 2 MACHINE SCREW,8593708086,0,
3152,6-STRAND SINGLEMODE INDOOR/OUTDOOR PLENUM TIGHT -BUFFER FIBER,7498383807,0,
559,6/4 SEOOW OD 892,3288603947,0,
1409,60A 250V 3 POLE 4 WIRE 90 DEGREE PLUG MALE END,4089312173,0,78500757611
2961,60A 3 POLE 4 WIRE PIN AND SLEEVE,3266473247,0,78500757611
3227,60A AIR CONDITIONER DISCONNECT w/ 20A GFCI RECEPTACLE,78668598219,0,78364349651
1876,6G TOGGLE SWITCH MIDSIZE COVER LIGHT ALMOND,3266458041,0,78500727441
1877,6G TOGGLE SWITCH MIDSIZE COVER WHITE,3266458045,0,78500727441
3149,6in CAN TRIM WHITE w/FROST GLASS,8008374339,0,1981368261
923,6in RECESSED CAN LIGHT REMODEL IC AIRTIGHT 120V,66240061203,0,8008316248
3187,6X 1 DRYWALL SCREW,8593704300,0,
3186,6X 1-1/4DRYWALL SCREW,8593708352,0,
2673,6X 1-5/8 DRYWALL SCREW,8593708354,0,
3188,6X 2 DRYWALL SCREW,8593708355,0,
1310,6X6X4 NEMA4X NO KOs HINGED COVER,78672537855,0,
1014,8 1 HOLE COPPER LUG,78621054132,0,
2619,8 FLAT WASHER,8593704264,0,
2486,8 X 3/4 WAFER HEAD,8593708001,0,
2418,8-18X 3/4 WAFER,8593708029,0,
2420,8-32 HEX NUT,8593708031,0,
2438,8-32 X 1 MACHINE SCREW,8593708090,0,
2439,8-32 X 1-1/2 MACHINE SCREW,8593708092,0,
2440,8-32 X 2 MACHINE SCREW,8593708093,0,
558,8/4 SEOOW OD 783,3288603963,0,
3161,85W A19 LED 2700K,91800000136,0,
3196,8ft LED STRIPLIGHT w/ LENS 4000K 120/277V,91240128344,0,
2618,8X 1 WAFER HEAD,8593708002,0,
2488,8X 1 WAFER HEAD,8593708577,0,
2415,8X 1/2 WAFER HEAD SCREW,8593708000,0,
2417,8X 1/2 WAFER SELF DRIL,8593708028,0,
688,"ADJUSTABLE BAR HANGERS WITH 3/8"" STUD 19-1/2"" to 26-1/2""",5016900920,0,
1849,ADV 71A5570001D MH BAL 175W M57 QUAD KIT,ï»¿78108709643,0,78108709643
2360,ALUM CONDUIT BODY 2in LB,78456414006,0,78174703646
358,ALUM XHHW STRANDED 4/0 BLACK,32886542411,0,66292756668
1390,"ALUMINUM RIGID CONDUIT 1""",85142200302,0,98003001103
1386,"ALUMINUM RIGID CONDUIT 1/2""",85142200300,0,
1908,BANG ON BEAM CLAMP WITH 1/2 - 3/4 CONDUIT HANGER,78461018621,0,78285616210
3054,BARE STRANDED COPPER 4,3288633520,0,
741,BARE STRANDED COPPER 6,3288633510,0,
3053,BARE STRANDED COPPER 6,98010033510,0,
1909,"BEAM CLAMP EMT/RIGID CONDUIT HANGER ASSEMBLY 3/4""",78461024603,0,78174700951
77,BLADE TYPE TIME DELAY 250 VOLT CURRENT LIMITING CLASS RK1 CARTRIDGE FUSES 125 amp,5171253847,0,7945802390
74,BLADE TYPE TIME DELAY 250 VOLT CURRENT LIMITING CLASS RK1 CARTRIDGE FUSES 175 amp,5171253849,0,7945802392
3388,BLADE TYPE TIME DELAY 250 VOLT CURRENT LIMITING CLASS RK1 CARTRIDGE FUSES 70 amp,5171253842,0,7945802385
84,BLADE TYPE TIME DELAY 250 VOLT CURRENT LIMITING CLASS RK5 CARTRIDGE FUSES 100 amp,5171210185,0,7945802388
88,BLADE TYPE TIME DELAY 250 VOLT CURRENT LIMITING CLASS RK5 CARTRIDGE FUSES 400 amp,5171250753,0,7945802398
83,BLADE TYPE TIME DELAY 250 VOLT CURRENT LIMITING CLASS RK5 CARTRIDGE FUSES 90 amp,5171250742,0,7945802387
94,BLADE TYPE TIME DELAY 600 VOLT CURRENT LIMITING CLASS RK5 CARTRIDGE FUSES 100 amp,5171250843,0,7945802388
95,BLADE TYPE TIME DELAY 600 VOLT CURRENT LIMITING CLASS RK5 CARTRIDGE FUSES 125 amp,5171250845,0,7945802390
96,BLADE TYPE TIME DELAY 600 VOLT CURRENT LIMITING CLASS RK5 CARTRIDGE FUSES 150 amp,5171250846,0,7945802391
97,BLADE TYPE TIME DELAY 600 VOLT CURRENT LIMITING CLASS RK5 CARTRIDGE FUSES 175 amp,5171250847,0,7945802392
2402,"BLANK COVERS 4"" round",5016987225,0,68785577525
2035,BLANK NAME PLATE,78211368767,0,
736,BUS DROP SUPPORT .24 - .32 CABLE,78358533019,0,78678836560
2404,CABLE STAPLE METAL 9/16 (ROMEX STAPLE),78461099749,0,78178945573
70,CABLE SUPORT GRIP 62-75,78358532199,0,78678836567
66,CABLE SUPPORT GRIP 63-74,78358530098,0,78678836567
67,CABLE SUPPORT GRIP 75-99,78358530100,0,78500799873
2192,CAT5E PLENUM BLUE,7940750701,0,
2734,CAT5E RISER BLUE,7940788867,0,
2235,CAT6 IVORY MINI JACK MODULE,7498339547,0,
2633,CAT6 PLENUM BLUE,7940784100,0,
2548,CAT6 RISER BLUE,7940784530,0,
3052,CHANNEL 12GA 1-5/8 BACK TO BACK CHANNEL,61601301603,0,78101121330
2770,COAX WHITE COVER,3266454655,0,78500724753
2740,"COMBINATION CLIPS, EMT TO STRUT 2""",61601314087,0,61601314371
1690,COMMERCIAL 20A LIGHT ALMOND DUPLEX RECEPTACLE,3266458316,0,78500712646
2643,CONDUIT BODY 1 -1/4 TB,66227700420,0,
415,CONDUIT BODY 1 1/2 LB,78456414005,0,78174703645
2715,CONDUIT BODY 1 1/2 LB,78456474373,0,78174703645
420,CONDUIT BODY 1 1/2 LL,78456414025,0,78174703645
404,CONDUIT BODY 1 1/2 T,78456414045,0,78174703645
2721,CONDUIT BODY 1 1/2 TB,66227700854,0,78174703645
2731,CONDUIT BODY 1 1/2 X,66227700860,0,78174703645
409,CONDUIT BODY 1 1/4 LB,78456414004,0,78174703644
2714,CONDUIT BODY 1 1/4 LB,78456474372,0,78174703644
425,CONDUIT BODY 1 1/4 LL,78456414024,0,78174703644
422,CONDUIT BODY 1 1/4 LR,78456414014,0,78174703644
407,CONDUIT BODY 1 1/4 T,78456414044,0,78174703644
2650,CONDUIT BODY 1 1/4 T,66227700268,0,78174703644
2720,CONDUIT BODY 1 1/4 TB,66227700853,0,78174703644
2730,CONDUIT BODY 1 1/4 X,66227700859,0,78174703644
414,CONDUIT BODY 1 LB,78456414003,0,78174703644
457,CONDUIT BODY 1-1/2 C,78456414035,0,78174703645
2651,CONDUIT BODY 1-1/2 TB,66227700421,0,78174703645
2950,CONDUIT BODY 1-1/4 C,78456414034,0,78174703644
417,CONDUIT BODY 1/2 C,78456414031,0,78174703641
2737,CONDUIT BODY 1/2 LB,78456474369,0,78174703641
418,CONDUIT BODY 1/2 LL,78456414021,0,78174703641
430,CONDUIT BODY 1/2 LR,78456414011,0,78174703641
402,CONDUIT BODY 1/2 T,78456414041,0,78174703641
2951,CONDUIT BODY 1/2 TB,66227700820,0,78174703641
2953,CONDUIT BODY 1/2 X,66227700856,0,78174703641
416,CONDUIT BODY 1in C,78456414033,0,78174703643
2724,CONDUIT BODY 1in LB,78456474371,0,78174703643
419,CONDUIT BODY 1in LL,78456414023,0,78174703643
427,CONDUIT BODY 1in LR,78456414013,0,78174703643
403,CONDUIT BODY 1in T,78456414043,0,78174703643
2725,CONDUIT BODY 1in T,78456474391,0,78174703643
2648,CONDUIT BODY 1in TB,66227700419,0,78174703643
2726,CONDUIT BODY 1in TB,66227700852,0,78174703643
2729,CONDUIT BODY 1in X,66227700858,0,78174703643
2642,CONDUIT BODY 2in C,66227700264,0,78174703646
456,CONDUIT BODY 2in C,78456414036,0,78174703646
2716,CONDUIT BODY 2in LB,78456474374,0,78174703646
2641,CONDUIT BODY 2in LB,66227700246,0,78174703646
424,CONDUIT BODY 2in LL,78456414026,0,78174703646
421,CONDUIT BODY 2in LR,78456414016,0,78174703646
406,CONDUIT BODY 2in T,78456414046,0,78174703646
2652,CONDUIT BODY 2in TB,66227700422,0,78174703646
2727,CONDUIT BODY 2in TB,66227700855,0,78174703646
2732,CONDUIT BODY 2in X,66227700861,0,78174703646
2646,CONDUIT BODY 3/4 C,66227700260,0,78174703642
428,CONDUIT BODY 3/4 C,78456414032,0,78174703642
2718,CONDUIT BODY 3/4 C,78456474450,0,78174703642
410,CONDUIT BODY 3/4 LB,78456414002,0,78174703642
2713,CONDUIT BODY 3/4 LB,78456474370,0,78174703642
398,CONDUIT BODY 3/4 LL,78227452400,0,78174703642
426,CONDUIT BODY 3/4 LL,78456414022,0,78174703642
423,CONDUIT BODY 3/4 LR,78456414012,0,78174703642
408,CONDUIT BODY 3/4 T,78456414042,0,78174703642
2717,CONDUIT BODY 3/4 T,78456474390,0,78174703642
2728,CONDUIT BODY 3/4 X,66227700857,0,78174703642
3002,CONDUIT BODY 3in C,78456414038,0,78174703648
412,CONDUIT BODY 3in LB,78456414008,0,78174703648
3281,CONDUIT BODY 3in LB,78227409988,0,78174703648
405,CONDUIT BODY 3in T,78456414048,0,78174703648
411,CONDUIT BODY 4in LB,78456414010,0,78174703650
3174,CONDUIT BODY 4in LR,78456414020,0,78174703650
401,CONDUIT BODY 4in T,78456414050,0,78174703650
2258,COPPER SOLID ARMORED (MC) CABLE #12-2,32886347146,0,3288634714
357,COPPER SOLID ARMORED (MC) CABLE #12-3,3288634652,0,3288634765
363,COPPER XHHW STRANDED 12 BROWN,3288603832,0,98010023950
1934,COPPER XHHW STRANDED 12 GRAY,3288623961,0,98010023950
364,COPPER XHHW STRANDED 12 GREEN,3288603830,0,98010023950
365,COPPER XHHW STRANDED 12 ORANGE,3288603831,0,98010023950
1142,COPPER XHHW STRANDED 12 YELLOW,3288603829,0,98010023950
362,COPPER XHHWSTR 12 BLACK,3288603823,0,98010023950
1759,DECORA COAX JACK LIGHT ALMOND,3266475047,0,78500702707
495,DECORA DUPLEX RECEPTACLE 15A BROWN,3266418370,0,78500786098
1471,DECORA DUPLEX RECEPTACLE 15A WHITE,3266451377,0,78500786098
2392,DECORA FILLER BLANK LIGHT ALMOND,3266458276,0,7847778999
527,DECORA FILLER WHITE,3266475165,0,7847778999
68,"DIE CAST SQUEEZE FLEX CONNECTORS 1-1/4""",78138177390,0,78174715412
2495,DOUBLE 3 WAY 15A DECORA STACK SWITCH WHITE,3266466488,0,7847722920
2533,DOUBLE 3 WAY 15A DECORA STACK SWITCH WHITE,3266466490,0,7847722920
434,DOUBLE 3 WAY 15A TOGGLE STACK SWITCH WHITE,3266416160,0,7847722920
1552,DOUBLE POLE COMMERCIAL TOGGLE SWITCH IVORY 20A 120/277,3266455909,0,78500719535
2210,DOUBLE POLE HEAVY DUTY TOGGLE SWITCH IVORY 20A 120/277,3266448835,0,78500719535
2783,DOUBLE POLE TOGGLE SWITCH BLACK 15A 120/277,3266455591,0,78500719535
1216,DOUBLE POLE TOGGLE SWITCH GRAY INDUSTRIAL 20A 120/277,3266473461,0,78500719535
2390,DOUBLE POLE TOGGLE SWITCH WHITE,3266448840,0,78500719535
1217,DOUBLE POLE TOGGLE SWITCH WHITE INDUSTRIAL 20A 120/277,3266473476,0,78500719535
2895,EMERGENCY LIGHT 2 HEAD WHITE 120/277V,85614300148,0,19499490041
2921,EMERGENCY LIGHT OUTDOOR REMOTE HEAD 1 HEAD UNIT w/ BASE WHITE,85614300152,0,85614300153
2743,EPCO EPW1663SAD 16/3 SOL FIX TURE WHIP w/ SNAP CONNECTOR,78032110582,0,78032110342
2898,EXIT / EMERGENCY LIGHT COMBO 2 HEAD WHITE 120/277V WITH REMOTE CAPABILITY,85614300142,0,19499490041
76,FERRULE TYPE TIME DELAY 250 VOLT CURRENT LIMITING CLASS RK1 CARTRIDGE FUSES 40 amp,5171253838,0,7945815073
80,FERRULE TYPE TIME DELAY 250 VOLT CURRENT LIMITING CLASS RK5 CARTRIDGE FUSES 30 amp,5171210176,0,7945802381
89,FERRULE TYPE TIME DELAY 600 VOLT CURRENT LIMITING CLASS RK5 CARTRIDGE FUSES 30 amp,5171250834,0,7945802381
1821,"FLEX ALUMINUM CONDUIT 3/4""",3288604263,0,98005002203
940,"GALVANIZED RIGID STEEL NIPPLES 1-1/2"" x 5""",98002001327,0,98002000528
738,"GALVANIZED RIGID STEEL NIPPLES 2"" x 5""",98002001356,0,98002000556
2593,GLASS FILLED WATER TIGHT HORIZONTAL FLIP COVER YELLOW,4089368752,0,
834,HEAT SHRINK SLEEVE INSULATOR DIRECT BURIAL 2 - 4/0,5400708893,0,5400708972
836,HEAT SHRINK SLEEVE INSULATOR DIRECT BURIAL 3/0 - 400,5400708896,0,5400708975
2114,"INDOOR 120/208 VOLT LOADCENTERS WITH MAIN LUGS ONLY, NO BREAKERS 200A 40 spaces",78667644620,0,80476670296
533,INDUSTRIAL DOUBLE POLE SWITCH IVORY 20A 120/277,3266473475,0,78500719535
1039,"INSULATED GROUND BUSHINGS 1""",78621003872,0,78174709383
1072,"INSULATED GROUND BUSHINGS 2""",78621003875,0,78174709386
2377,IVORY DECORA COAX JACK,3266454695,0,78500702706
530,KEYLESS FIXTURE,3266475062,0,78500747335
908,KEYLESS FIXTURE,3266475204,0,78500747335
1758,LIGHT ALMOND COAX JACK COVER,3266458238,0,78500702706
69,"MALLEABLE SQUEEZE FLEX CONNECTORS 2-1/2""",78138177405,0,
2264,MC CABLE MC-AP HOSPITAL CARE FACILITY 12/3 SOLID BLACK/WHITE/GREEN,3288607300,0,
2252,MOTOR CONTROL ENCLOSURE GENERAL DUTY NEMA 1 BOX w/ COVER,4089362755,0,
1445,MOUNTING FOOT KIT,78672534747,0,
1465,MUD RING 4SQ FLAT 1G,5016900787,0,
3115,MULTIMODE INDOOR/OUTOOR PLENUM TIGHT -BUFFER FIBER,7498383803,0,
3361,NAIL GUARD,5016902709,0,78174700732
1472,NAIL ON 4G,8533916225,0,8533917551
985,NAIL ON BOX 3G 44in,8533914175,0,8533914177
987,NAIL ON ROUND 22.5in,8533910475,0,8533910476
2594,NEMA 3R 120/240 VOLT SURFACE MOUNTED METER SOCKETS FOR UNDERGROUND SERVICE 200A ringless,78668535108,0,78457249632
3356,NON METALLIC SHEATHED CABLE NM NMB ROMEX 6/3 w/GROUND,3288626370,0,
3396,NON METALLIC SHEATHED CABLE NM NMB ROMEX 8/2 w/GROUND,3288616025,0,
2076,NON-FLANGED BACK PANEL 10 X 14,78672586033,0,
2079,NON-FLANGED BACK PANEL 18 X 18,78672586041,0,
986,OLD WORK / CUT IN BOX 1G 16in,8533910572,0,8533910566
1248,OLD WORK / CUT IN BOX 3X 2 1G 2-1/2D FIBER,8533910242,0,8533910566
659,OLD WORK / CUT IN BOX 3X 2 2 -1/2D w/KO,5016900420,0,8533910566
665,OLD WORK / CUT IN BOX 3X 2 2-1/2D w/NM CLAMP,5016900519,0,8533910566
660,OLD WORK / CUT IN BOX 3X 2 2-1/4D w/NM CLAMP,5016900471,0,8533910566
666,OLD WORK / CUT IN BOX 3X 2 2-3/4D w/KO,5016900560,0,8533910566
574,OLD WORK / CUT IN BOX ROUND 14in,8533946005,0,8533946006
2398,OUTSIDE PLANT CAT6 POLYETHYLENE BLACK,7940760188,0,
3222,PHOTO/ION DUAL SENSOR HUSH 120V AC/DC,47871217306,0,2905400710
299,PIPE AND CONDUIT CHANNEL CLAMP EMT 1/2,78101160813,0,78101160414
41,PIPE AND CONDUIT CHANNEL CLAMP RIGID 1,78101161032,0,78101160434
572,PLASTIC ANCHOR (RED ANCHOR),8593739821,0,78100215090
2656,PLASTIC BUSHING 3-1/2,5016901414,0,78174700329
336,PLASTIC BUSHING 4in,5016901416,0,68785535025
328,PULL CHAIN FIXTURE,7847710310,0,78500747337
2712,PULL CHAIN FIXTURE,8533987002,0,78500747337
531,PULL CHAIN FIXTURE,3266475063,0,78500747337
3131,PUSH IN 2 CONDUCTOR (WAGO),50821897125,0,5082134656
3246,PUSH IN 3 CONDUCTOR (WAGO),55143718349,0,5082189713
2941,PUSH IN 4 CONNECTOR (WAGO),50821267669,0,4545474964
3133,PUSH IN 5 CONDUCTOR (WAGO),50821897149,0,5082189714
3241,PUSH IN 5 CONDUCTOR (WAGO),55143718387,0,5082189714
204,PVC 1/2 SCHEDULE 40,67064823468,0,3448123468
1634,PVC 2in SCHEDULE 40 20',9111108508,0,3448123490
212,PVC 3-1/2 SCHEDULE 40,67064823504,0,3448123504
846,RED WIRE NUT/WIRE CONNECTOR,5400708162,0,78325030652
2403,REDUCING WASHER 2 - 1 1/2,5016901379,0,78174701075
334,REDUCING WASHER 3 - 2,5016901386,0,78174701087
845,REDWIRE NUT/WIRE CONNECTOR,5400708161,0,78325030652
1768,RG6 18G (COAX ) CBL WHITE,2989240386,0,2989240387
1482,RG6/U (COAX ) DIRECT BURIAL,2989240925,0,2989224827
915,RING TERMINAL AL 12-10AWG YELLOW 1/4 STUD,7498380134,0,78325048988
914,RING TERMINAL AL 16-14AWG BLUE 1/4 STUD,7498380122,0,78325048984
2778,"ROUND BOXES WITH ZIP-MOUNT RETAINERS FOR OLD WORK 3"" x 2-3/4"" deep",8533946040,0,8533946006
25,S HOOK,78101118855,0,78100230805
2786,SINGLE MODE INDOOR PLENUM TIGHT -BUFFER FIBER,7498304937,0,
2525,SINGLE POLE / 3 WAY 15A DECORA STACK SWITCH LIGHT ALMOND,3266467078,0,7847751668
2518,SINGLE POLE / 3 WAY 15A DECORA STACK SWITCH WHITE,3266466492,0,7847751668
433,SINGLE POLE / 3 WAY 15A TOGGLE STACK SWITCH WHITE,3266475020,0,7847751668
1748,SINGLE POLE / 3 WAY TOGGLE STACK SWITCH 15A LIGHT ALMOND,3266475018,0,7847751668
1749,SINGLE POLE / 3 WAY TOGGLE STACK SWITCH 15A LIGHT ALMOND,3266458332,0,7847751668
2511,SINGLE POLE / SINGLE POLE 15A DECORA STACK SWITCH LIGHT ALMOND,3266466475,0,7847751668
2532,SINGLE POLE / SINGLE POLE 15A DECORA STACK SWITCH WHITE,3266466483,0,7847751668
2515,SINGLE POLE / SINGLE POLE 15A DECORA STACK SWITCH WHITE,3266475034,0,7847751668
1741,SINGLE POLE 15A TOGGLE SWITCH LIGHT ALMOND 120/277,3266475089,0,78500719112
50,SINGLE POLE 20A 120/277V LOCKING SWITCH,3266470631,0,78500719561
477,SINGLE POLE COMMERCIAL TOGGLE SWITCH BROWN 20A 120/277,3266473459,0,78500712645
2103,SINGLE POLE COMMERCIAL TOGGLE SWITCH BROWN 20A 120/277,3266475077,0,78500712645
2094,SINGLE POLE COMMERCIAL TOGGLE SWITCH BROWN 20A 120/277,3266448730,0,78500712645
2101,SINGLE POLE COMMERCIAL TOGGLE SWITCH GRAY 15A 120/277,3266448748,0,78500712645
2104,SINGLE POLE COMMERCIAL TOGGLE SWITCH GRAY 20A 120/277,3266448828,0,78500712645
1554,SINGLE POLE COMMERCIAL TOGGLE SWITCH IVORY 20A 120/277,3266455905,0,78500712645
478,SINGLE POLE COMMERCIAL TOGGLE SWITCH IVORY 20A 120/277,3266473468,0,78500712645
2102,SINGLE POLE COMMERCIAL TOGGLE SWITCH WHITE 15A 120/277,3266448743,0,78500712645
2062,SINGLE POLE COMMERCIAL TOGGLE SWITCH WHITE 20A 120/277,3266448823,0,78500712645
2186,SINGLE POLE COMMERCIAL TOGGLE SWITCH WHITE 20A 120/277,3266455906,0,78500712645
1931,SINGLE POLE DECORA SWITCH BLACK 15A 120/277V,3266475240,0,78500753935
2149,SINGLE POLE DECORA SWITCH BLACK LIGHTED 20A 120/277V,3266464733,0,78500753935
1929,SINGLE POLE DECORA SWITCH BROWN 15A 120/277V,3266475239,0,78500753935
2165,SINGLE POLE DECORA SWITCH GRAY LIGHTED 15A 120/277V,3266462785,0,78500753935
1862,SINGLE POLE DECORA SWITCH IVORY 15A 120/277V,3266462756,0,78500753935
1926,SINGLE POLE DECORA SWITCH LIGHT ALMOND 15A 120/277V,3266462753,0,78500753935
2167,SINGLE POLE DECORA SWITCH LIGHT ALMOND LIGHTED 15A 120/277V,3266462798,0,78500753935
1863,SINGLE POLE DECORA SWITCH WHITE 15A 120/277V,3266462759,0,78500753935
2691,SINGLE POLE INDUSTRIAL TOGGLE SWITCH BLACK 20A 120/277,3266473460,0,78500753935
2638,SINGLE POLE INDUSTRIAL TOGGLE SWITCH LIGHT ALMOND 20A 120/277,3266473463,0,78500753935
545,SINGLE POLE LIGHT ED TOGGLE SWITCH 15A WHITE,3266451946,0,78500753935
2886,SINGLE POLE SWITCH w/ PILOT / STACK 15A DUPLEX RECEPTACLE WHITE,3266475026,0,78500753935
544,SINGLE POLE TOGGLE STACK SWITCH 15A IVORY,3266475030,0,78500753935
1747,SINGLE POLE TOGGLE STACK SWITCH 15A LIGHT ALMOND,3266475043,0,78500753935
543,SINGLE POLE TOGGLE STACK SWITCH 15A WHITE,3266475031,0,78500753935
2668,SINGLE POLE TOGGLE SWITCH 15A 125V WHITE,3266455890,0,78500753935
49,SINGLE POLE TOGGLE SWITCH 30A INDUSTRIAL WHITE 120/277V,3266473621,0,78500753935
1469,SINGLE POLE TOGGLE SWITCH BROWN 15A 120/277,3266414910,0,78500753935
2172,SINGLE POLE TOGGLE SWITCH IVORY 15A 120/277,3266475088,0,78500753935
1691,SINGLE POLE TOGGLE SWITCH LIGHT ALMOND HEAVY DUTY 20A 120/277,3266458317,0,78500753935
1220,SINGLE POLE TOGGLE SWITCH RED PILOT 20A 120/277,3266470645,0,78500753935
2606,SINGLE POLE TOGGLE SWITCH SHITE INDUSTRIAL GRADE 20A 120/277,3266473469,0,78500753935
547,SINGLE POLE TOGGLE SWITCH STACK w/ PILOT LIGHT 15A 120V,3266475033,0,78500753935
1214,SINGLE POLE TOGGLE SWITCH WHITE 15A 120/277,3266475087,0,78500753935
494,SINGLE RECEPTACLE 15A WHITE,3266418250,0,78500753515
489,SINGLE RECEPTACLE 20A BROWN NEMA5-20R,3266418430,0,78500753515
486,SINGLE RECEPTACLE 20A IVORY NEMA6-20R,3266475259,0,78500753515
505,SINGLE RECEPTACLE COVER IVORY,3266415140,0,78500753515
2296,SINGLE RECEPTACLE COVER PLATES 1 gang stainless steel,88377820117,0,78500753515
506,SINGLE RECEPTACLE COVER WHITE,3266415150,0,78500727448
1793,SINGLE RECEPTACLE MIDSIZED COVER BROWN,3266458057,0,78500727448
1795,SINGLE RECEPTACLE MIDSIZED COVER GRAY,3266458059,0,78500727448
1800,SINGLE RECEPTACLE MIDSIZED COVER IVORY,3266458050,0,78500727448
1796,SINGLE RECEPTACLE MIDSIZED COVER IVORY,3266475120,0,78500727448
1798,SINGLE RECEPTACLE MIDSIZED COVER WHITE,3266475152,0,78500727448
535,SINGLE RECEPTACLE WHITE 20A 250V NEMA6-20R,3266475258,0,78500758512
284,SLOTTED CHANNEL 13/16 X 1 5/8 9/16 X 7/8 SLOTTED 12G,78101125020,0,78101103445
2659,SMOKE DETECTOR 120V AC/DC w/9V BATTERY,4787107851,0,2905451301
1656,SOFT DRAWN SOLID BARE COPPER WIRE # 4,3288633454,0,98010033450
1038,SOFT DRAWN SOLID BARE COPPER WIRE # 8,3288633430,0,98010033434
831,"STANDARD WALL GALVANIZED RIGID STEEL CONDUIT 1-1/2""",78669200105,0,98001000105
748,"STANDARD WALL GALVANIZED RIGID STEEL CONDUIT 1/2""",78669200101,0,98001000101
467,"STEEL ONE HOLE EMT STRAPS 2-1/2""",78461060092,0,78174702907
468,"STEEL ONE HOLE EMT STRAPS 3""",78461060094,0,78174702908
2969,TFFN STRANDED COPPER 16 BLACK,3288622702,0,98010022755
3033,TFFN STRANDED COPPER 16 BLUE,3288622732,0,98010022755
1010,TFFN STRANDED COPPER 16 BLUE w/WHITE STRIPE,2989228849,0,98010022755
3170,TFFN STRANDED COPPER 16 GREEN,3288622740,0,98010022755
1824,TFFN STRANDED COPPER 16 GREEN 2,3288622742,0,98010022755
3193,TFFN STRANDED COPPER 16 ORANGE,3288622745,0,98010022755
1654,TFFN STRANDED COPPER 16 WHITE,3288622712,0,98010022755
3166,TFFN STRANDED COPPER 16 YELLOW,3288622735,0,98010022755
2492,THHN STRANDED ALUM 400MCM BLACK,3288653538,0,98010023469
1943,THHN STRANDED COPPER 1/0 GREEN,32886098185,0,98010063399
3329,THHN STRANDED COPPER 10 BROWN,3288623050,0,98010023000
3326,THHN STRANDED COPPER 10 GREEN,3288623040,0,98010023000
3327,THHN STRANDED COPPER 10 ORANGE,3288623045,0,98010023000
3325,THHN STRANDED COPPER 10 YELLOW,3288623035,0,98010023000
3382,THHN STRANDED COPPER 12 BLACK,3288622902,0,98010012280
3385,THHN STRANDED COPPER 12 BLUE,3288622932,0,98010012280
3389,THHN STRANDED COPPER 12 BROWN,32886229503,0,98010012280
3321,THHN STRANDED COPPER 12 GRAY,3288622960,0,98010012280
3318,THHN STRANDED COPPER 12 GREEN,3288622940,0,98010012280
3380,THHN STRANDED COPPER 12 ORANGE,3288622947,0,98010012280
3377,THHN STRANDED COPPER 12 PURPLE,3288622957,0,98010012280
3384,THHN STRANDED COPPER 12 RED,3288622922,0,98010012280
3313,THHN STRANDED COPPER 12 RED,32886229206,0,98010012280
3383,THHN STRANDED COPPER 12 WHITE,32886229121,0,98010012280
3312,THHN STRANDED COPPER 12 WHITE,3288622910,0,98010012280
361,THHN STRANDED COPPER 12 WHITE w/BLACK STRIPE,3288687897,0,98010012280
2064,THHN STRANDED COPPER 12 WHITE w/BLUE STRIPE,3288687898,0,98010012280
2081,THHN STRANDED COPPER 12 WHITE w/RED STRIPE,3288687899,0,98010012280
3379,THHN STRANDED COPPER 12 YELLOW,3288622937,0,98010012280
1761,THHN STRANDED COPPER 14 BLUE w/WHITE STRIPE,78580191813,0,98010022800
3309,THHN STRANDED COPPER 14 BROWN,3288622850,0,98010022800
3374,THHN STRANDED COPPER 14 GRAY,3288622862,0,98010022800
3387,THHN STRANDED COPPER 14 GREEN,3288622842,0,98010022800
3375,THHN STRANDED COPPER 14 ORANGE,3288622847,0,98010022800
3373,THHN STRANDED COPPER 14 PURPLE,3288622857,0,98010022800
3366,THHN STRANDED COPPER 14 RED,3288622822,0,98010022800
3303,THHN STRANDED COPPER 14 WHITE,3288622810,0,98010022800
1830,THHN STRANDED COPPER 14 WHITE w/BLUE STRIPE,78580192064,0,98010022800
3306,THHN STRANDED COPPER 14 YELLOW,32886228353,0,98010022800
2177,THHN STRANDED COPPER 2 BROWN,32886951305,0,71125923303
2178,THHN STRANDED COPPER 2 ORANGE,32886951312,0,71125923303
3336,THHN STRANDED COPPER 3 BLACK,3288623250,0,98010023257
1568,THHN STRANDED COPPER 3 BLACK,3288623253,0,98010023257
1890,THHN STRANDED COPPER 3 BROWN,32886959745,0,98010023257
1891,THHN STRANDED COPPER 3 ORANGE,32886959752,0,98010023257
1892,THHN STRANDED COPPER 3 YELLOW,32886959769,0,98010023257
2247,THHN STRANDED COPPER 3/0 BROWN,32886901652,0,98010013422
2241,THHN STRANDED COPPER 3/0 GREEN,32886901645,0,98010013422
2248,THHN STRANDED COPPER 3/0 ORANGE,32886901669,0,98010013422
2249,THHN STRANDED COPPER 3/0 YELLOW,32886901676,0,98010013422
1944,THHN STRANDED COPPER 4/0 GREEN,32886872952,0,98010022239
2065,THHN STRANDED COPPER 400MCM BLACK,3288623435,0,98010023469
1573,THHN STRANDED COPPER 6 BLACK,32886857294,0,98010023152
2179,THHN STRANDED COPPER 6 BROWN,32886959714,0,98010023152
3334,THHN STRANDED COPPER 6 GREEN,32886231926,0,98010023152
1609,THHN STRANDED COPPER 6 GREEN,32886959707,0,98010023152
2180,THHN STRANDED COPPER 6 ORANGE,32886959721,0,98010023152
2181,THHN STRANDED COPPER 6 YELLOW,32886959738,0,98010023152
1603,THHN STRANDED COPPER 8 BLACK,32886050565,0,98010023102
2253,THHN STRANDED COPPER 8 BROWN,32886959639,0,98010023102
1612,THHN STRANDED COPPER 8 GREEN,32886951480,0,98010023102
2254,THHN STRANDED COPPER 8 ORANGE,32886959646,0,98010023102
2238,THHN STRANDED COPPER 8 YELLOW,32886959653,0,98010023102
2461,THREAD IN DRYWALL ANCHOR,8593708162,0,78100229777
2954,THREADED ROD 1/4,61601310661,0,
1325,"THREE GANG BOXES WITH NAILS AND WIRE CLAMPS 3"" x 5-11/16"" wide",8533915200,0,8533915201
2460,"TOGGLE BOLTS, WING NUTS 1/4 x 4""",8593708273,0,
2215,TOGGLE SWITCH FILLER GRAY,4089364277,0,78500788073
2147,TOGGLE SWITCH FILLER IVORY,4089361711,0,78500788073
2155,TOGGLE SWITCH FILLER LIGHT ALMOND,4089368798,0,78500788073
2148,TOGGLE SWITCH FILLER WHITE,3266475166,0,78500788073
2490,TRIPPLE SINGLE POLE DECORA STACK SWITCH LIGHT ALMOND,3266475039,0,78500705497
3342,TYPE NM 600 VOLT NON-METALLIC SHEATHED CABLE (ROMEX) WITH GROUND #10-2,3288616310,0,98010016310
3351,TYPE NM 600 VOLT NON-METALLIC SHEATHED CABLE (ROMEX) WITH GROUND #10-3,3288616360,0,98010016360
3284,TYPE THHN 600 VOLT SOLID COPPER BUILDING WIRE # 12,3288622400,0,98010022400
3391,TYPE THHN 600 VOLT STRANDED COPPER BUILDING WIRE # 1,32886233500,0,98010013351
3392,TYPE THHN 600 VOLT STRANDED COPPER BUILDING WIRE # 1/0,32886234002,0,98010063399
3337,TYPE THHN 600 VOLT STRANDED COPPER BUILDING WIRE # 2,32886233005,0,71125923303
3395,TYPE THHN 600 VOLT STRANDED COPPER BUILDING WIRE # 2/0,3288623405,0,98010013414
3393,TYPE THHN 600 VOLT STRANDED COPPER BUILDING WIRE # 3/0,32886234101,0,98010013422
3335,TYPE THHN 600 VOLT STRANDED COPPER BUILDING WIRE # 4,3288623200,0,98010013201
3394,TYPE THHN 600 VOLT STRANDED COPPER BUILDING WIRE # 4/0,3288623415,0,98012053515
3333,TYPE THHN 600 VOLT STRANDED COPPER BUILDING WIRE # 6,32886231537,0,98010023152
1532,TYPE THHN 600 VOLT STRANDED COPPER BUILDING WIRE #250 KCMIL,3288623420,0,98010023424
3346,TYPE THHN 600 VOLT STRANDED COPPER BUILDING WIRE #350 KCMIL,3288623430,0,98010013453
1674,TYPE THHN 600 VOLT STRANDED COPPER BUILDING WIRE #500 KCMIL,3288623440,0,98010013462
2413,TYPE THHN-THWN 600 VOLT 90 DEGREE STRANDED ALUMINUM WIRE # 2/0,3288684878,0,98012053500
2414,TYPE THHN-THWN 600 VOLT 90 DEGREE STRANDED ALUMINUM WIRE # 3/0,3288684879,0,98012053510
2599,TYPE THHN-THWN 600 VOLT 90 DEGREE STRANDED ALUMINUM WIRE # 300 KCMIL,3288685153,0,98012053425
2491,TYPE THHN-THWN 600 VOLT 90 DEGREE STRANDED ALUMINUM WIRE # 4/0,3288684880,0,98012053515
2575,TYPE THHN-THWN 600 VOLT 90 DEGREE STRANDED ALUMINUM WIRE # 6,3288685139,0,98012053150
3390,UNDERGROUND FEEDER UF 14/3 w/GROUND,3288616650,0,98010016650
3285,USB CHARGING STATION,3266473706,0,
2807,VAPORTIGHT 4ft 2 LAMP LED 120/277V,78234362495,0,19499506950
3125,VENT FAN 80 CFM,2671523600,0,88591700059
1942,VENT FAN/LIGHT 70 CFM 75 WATT BULB,2671516301,0,2671523649
3126,VENT FAN/LIGHT 80 CFM,2671523957,0,88591700064
719,"WATER PIPE GROUND CLAMPS 1""",78378680111,0,78181014228
2287,WEATHERPROOF 1G CAST SWITCH COVER,3266429520,0,5016951210
3017,WEATHERPROOF 1G CLEAR VERTICAL IN-USE COVER,3266473958,0,9232610211
3167,WEATHERPROOF 1G HORIZONTAL FLIP COVER BLACK,3266458228,0,9232610211
1996,WEATHERPROOF 1G IN-USE COVER CLEAR,3266464449,0,9232610211
3013,WEATHERPROOF 2G GRAY VERTICAL IN-USE COVER,92326100632,0,7827514533
2265,WEATHERPROOF 2G GRAY VERTICAL IN-USE COVER EXTRA DUTY LOCKABLE,92326104838,0,7827514533
1997,WEATHERPROOF 2G IN-USE COVER CLEAR,3266464450,0,7827514533
46,WEATHERPROOF BOX 1G (3)1/2 HOLES,3266430000,0,9232611083
2899,WEATHERPROOF COVER 1G VERTICAL,92326110655,0,9232610211
2132,WEATHERPROOF COVER 2.84 DIAMETER,4089362609,0,9232610211
1210,WEATHERPROOF DUPLEX RECEPTACLE HORIZONTAL FLIP COVER GRAY,3266412010,0,9232610211
1384,WEATHERPROOF GASKET 1G,5016950190,0,9232610211
3157,WEATHERPROOF METAL FIXTURE SOCKET GRAY,4226900562,0,5016951890
2066,WHITE BLANK MODULE (KEYSTONE),7498386037,0,76347413349
2988,WHITE WALLJACK w/COAX ADAPTOR,3266454657,0,78500724753
2405,WIREWAY 4 X 4 END CAP (GUTTER),78672586091,0,78351052270
471,YELLOW PLUG TERMINAL MALE NEMA5-15P,3266432580,0,78500723690